ARM GAS  /tmp/ccUzjlCM.s 			page 1


   1              		.cpu cortex-m4
   2              		.arch armv7e-m
   3              		.fpu fpv4-sp-d16
   4              		.eabi_attribute 27, 1
   5              		.eabi_attribute 28, 1
   6              		.eabi_attribute 20, 1
   7              		.eabi_attribute 21, 1
   8              		.eabi_attribute 23, 3
   9              		.eabi_attribute 24, 1
  10              		.eabi_attribute 25, 1
  11              		.eabi_attribute 26, 1
  12              		.eabi_attribute 30, 1
  13              		.eabi_attribute 34, 1
  14              		.eabi_attribute 18, 4
  15              		.file	"display.c"
  16              		.text
  17              	.Ltext0:
  18              		.cfi_sections	.debug_frame
  19              		.file 1 "Core/Src/display.c"
  20              		.section	.text.pcf_write,"ax",%progbits
  21              		.align	1
  22              		.syntax unified
  23              		.thumb
  24              		.thumb_func
  26              	pcf_write:
  27              	.LVL0:
  28              	.LFB224:
   1:Core/Src/display.c **** #include "display.h"
   2:Core/Src/display.c **** #include "main.h"
   3:Core/Src/display.c **** #include "i2c.h"
   4:Core/Src/display.c **** #include "config.h"
   5:Core/Src/display.c **** #include "preset.h"
   6:Core/Src/display.c **** #include <stdio.h>
   7:Core/Src/display.c **** #include <string.h>
   8:Core/Src/display.c **** 
   9:Core/Src/display.c **** // ===== LCD2004 через PCF8574 I2C =====
  10:Core/Src/display.c **** // PCF8574 бітове відображення:
  11:Core/Src/display.c **** //   P0 = RS,  P1 = RW,  P2 = EN,  P3 = Backlight
  12:Core/Src/display.c **** //   P4-P7 = D4-D7
  13:Core/Src/display.c **** 
  14:Core/Src/display.c **** #define LCD_RS        0x01
  15:Core/Src/display.c **** #define LCD_RW        0x02
  16:Core/Src/display.c **** #define LCD_EN        0x04
  17:Core/Src/display.c **** #define LCD_BACKLIGHT 0x08
  18:Core/Src/display.c **** 
  19:Core/Src/display.c **** #define LCD_COLS  20
  20:Core/Src/display.c **** #define LCD_ROWS  4
  21:Core/Src/display.c **** 
  22:Core/Src/display.c **** // DDRAM адреси рядків для LCD2004
  23:Core/Src/display.c **** static const uint8_t ROW_ADDR[4] = { 0x00, 0x40, 0x14, 0x54 };
  24:Core/Src/display.c **** 
  25:Core/Src/display.c **** // ===== Стан дисплея =====
  26:Core/Src/display.c **** 
  27:Core/Src/display.c **** static DisplayScreen  s_screen        = SCREEN_MAIN;
  28:Core/Src/display.c **** static float          s_force         = 0.0f;   // кН
  29:Core/Src/display.c **** static float          s_target        = FORCE_DEFAULT_KN;  // кН
  30:Core/Src/display.c **** static float          s_angle_current = 0.0f;
ARM GAS  /tmp/ccUzjlCM.s 			page 2


  31:Core/Src/display.c **** static float          s_angle_target  = ANGLE_DEFAULT_DEG;
  32:Core/Src/display.c **** static bool           s_angle_reached = false;
  33:Core/Src/display.c **** static DisplayMotionMode s_motion_mode = DISPLAY_MODE_IDLE;
  34:Core/Src/display.c **** static uint16_t       s_motion_speed  = 0;      // командна швидкість, steps/s
  35:Core/Src/display.c **** static float          s_auto_force    = 0.0f;   // кН для AUTO екрана
  36:Core/Src/display.c **** static float          s_auto_target   = FORCE_DEFAULT_KN;
  37:Core/Src/display.c **** static float          s_auto_error    = 0.0f;   // кН
  38:Core/Src/display.c **** static bool           s_dirty         = true;
  39:Core/Src/display.c **** static uint8_t        s_menu_item     = 0;
  40:Core/Src/display.c **** static uint8_t        s_preset_item   = 0;  // поточна позиція у списку пре
  41:Core/Src/display.c **** static int8_t         s_active_preset = -1; // обраний пресет (-1 = немає)
  42:Core/Src/display.c **** 
  43:Core/Src/display.c **** // Буфер кожного рядка для порівняння (щоб не надсилати
  44:Core/Src/display.c **** static char s_lcd_buf[LCD_ROWS][LCD_COLS + 1];
  45:Core/Src/display.c **** static char s_new_buf[LCD_ROWS][LCD_COLS + 1];
  46:Core/Src/display.c **** 
  47:Core/Src/display.c **** // Текст калібровки (керується зовні через display_set_calib_text
  48:Core/Src/display.c **** static char s_calib_lines[LCD_ROWS][LCD_COLS + 1];
  49:Core/Src/display.c **** 
  50:Core/Src/display.c **** // Помилка
  51:Core/Src/display.c **** static char s_error_msg[LCD_COLS + 1];
  52:Core/Src/display.c **** static uint8_t s_blink_tick = 0;
  53:Core/Src/display.c **** static float   s_settings_angle = ANGLE_DEFAULT_DEG;
  54:Core/Src/display.c **** 
  55:Core/Src/display.c **** // ===== PCF8574 / LCD низькорівневі функції =====
  56:Core/Src/display.c **** 
  57:Core/Src/display.c **** static void pcf_write(uint8_t byte)
  58:Core/Src/display.c **** {
  29              		.loc 1 58 1 view -0
  30              		.cfi_startproc
  31              		@ args = 0, pretend = 0, frame = 8
  32              		@ frame_needed = 0, uses_anonymous_args = 0
  33              		.loc 1 58 1 is_stmt 0 view .LVU1
  34 0000 00B5     		push	{lr}
  35              	.LCFI0:
  36              		.cfi_def_cfa_offset 4
  37              		.cfi_offset 14, -4
  38 0002 85B0     		sub	sp, sp, #20
  39              	.LCFI1:
  40              		.cfi_def_cfa_offset 24
  41 0004 8DF80F00 		strb	r0, [sp, #15]
  59:Core/Src/display.c ****     HAL_I2C_Master_Transmit(&hi2c1, LCD_I2C_ADDR, &byte, 1, 5);
  42              		.loc 1 59 5 is_stmt 1 view .LVU2
  43 0008 0523     		movs	r3, #5
  44 000a 0093     		str	r3, [sp]
  45 000c 0123     		movs	r3, #1
  46 000e 0DF10F02 		add	r2, sp, #15
  47 0012 4E21     		movs	r1, #78
  48 0014 0248     		ldr	r0, .L3
  49              	.LVL1:
  50              		.loc 1 59 5 is_stmt 0 view .LVU3
  51 0016 FFF7FEFF 		bl	HAL_I2C_Master_Transmit
  52              	.LVL2:
  60:Core/Src/display.c **** }
  53              		.loc 1 60 1 view .LVU4
  54 001a 05B0     		add	sp, sp, #20
  55              	.LCFI2:
ARM GAS  /tmp/ccUzjlCM.s 			page 3


  56              		.cfi_def_cfa_offset 4
  57              		@ sp needed
  58 001c 00BD     		pop	{pc}
  59              	.L4:
  60 001e 00BF     		.align	2
  61              	.L3:
  62 0020 00000000 		.word	hi2c1
  63              		.cfi_endproc
  64              	.LFE224:
  66              		.section	.text.lcd_nibble,"ax",%progbits
  67              		.align	1
  68              		.syntax unified
  69              		.thumb
  70              		.thumb_func
  72              	lcd_nibble:
  73              	.LVL3:
  74              	.LFB225:
  61:Core/Src/display.c **** 
  62:Core/Src/display.c **** static void lcd_nibble(uint8_t nibble, uint8_t flags)
  63:Core/Src/display.c **** {
  75              		.loc 1 63 1 is_stmt 1 view -0
  76              		.cfi_startproc
  77              		@ args = 0, pretend = 0, frame = 0
  78              		@ frame_needed = 0, uses_anonymous_args = 0
  79              		.loc 1 63 1 is_stmt 0 view .LVU6
  80 0000 10B5     		push	{r4, lr}
  81              	.LCFI3:
  82              		.cfi_def_cfa_offset 8
  83              		.cfi_offset 4, -8
  84              		.cfi_offset 14, -4
  64:Core/Src/display.c ****     uint8_t b = (nibble & 0xF0) | flags | LCD_BACKLIGHT;
  85              		.loc 1 64 5 is_stmt 1 view .LVU7
  86 0002 00F0F000 		and	r0, r0, #240
  87              	.LVL4:
  88              		.loc 1 64 5 is_stmt 0 view .LVU8
  89 0006 41EA0004 		orr	r4, r1, r0
  90              	.LVL5:
  65:Core/Src/display.c ****     pcf_write(b | LCD_EN);
  91              		.loc 1 65 5 is_stmt 1 view .LVU9
  92 000a 44F00C00 		orr	r0, r4, #12
  93 000e FFF7FEFF 		bl	pcf_write
  94              	.LVL6:
  66:Core/Src/display.c ****     pcf_write(b);
  95              		.loc 1 66 5 view .LVU10
  96 0012 44F00800 		orr	r0, r4, #8
  97 0016 FFF7FEFF 		bl	pcf_write
  98              	.LVL7:
  67:Core/Src/display.c **** }
  99              		.loc 1 67 1 is_stmt 0 view .LVU11
 100 001a 10BD     		pop	{r4, pc}
 101              		.loc 1 67 1 view .LVU12
 102              		.cfi_endproc
 103              	.LFE225:
 105              		.section	.text.lcd_byte,"ax",%progbits
 106              		.align	1
 107              		.syntax unified
 108              		.thumb
ARM GAS  /tmp/ccUzjlCM.s 			page 4


 109              		.thumb_func
 111              	lcd_byte:
 112              	.LVL8:
 113              	.LFB226:
  68:Core/Src/display.c **** 
  69:Core/Src/display.c **** static void lcd_byte(uint8_t data, uint8_t flags)
  70:Core/Src/display.c **** {
 114              		.loc 1 70 1 is_stmt 1 view -0
 115              		.cfi_startproc
 116              		@ args = 0, pretend = 0, frame = 0
 117              		@ frame_needed = 0, uses_anonymous_args = 0
 118              		.loc 1 70 1 is_stmt 0 view .LVU14
 119 0000 38B5     		push	{r3, r4, r5, lr}
 120              	.LCFI4:
 121              		.cfi_def_cfa_offset 16
 122              		.cfi_offset 3, -16
 123              		.cfi_offset 4, -12
 124              		.cfi_offset 5, -8
 125              		.cfi_offset 14, -4
 126 0002 0446     		mov	r4, r0
 127 0004 0D46     		mov	r5, r1
  71:Core/Src/display.c ****     lcd_nibble(data & 0xF0,        flags);
 128              		.loc 1 71 5 is_stmt 1 view .LVU15
 129 0006 00F0F000 		and	r0, r0, #240
 130              	.LVL9:
 131              		.loc 1 71 5 is_stmt 0 view .LVU16
 132 000a FFF7FEFF 		bl	lcd_nibble
 133              	.LVL10:
  72:Core/Src/display.c ****     lcd_nibble((data << 4) & 0xF0, flags);
 134              		.loc 1 72 5 is_stmt 1 view .LVU17
 135 000e 2001     		lsls	r0, r4, #4
 136 0010 2946     		mov	r1, r5
 137 0012 00F0F000 		and	r0, r0, #240
 138 0016 FFF7FEFF 		bl	lcd_nibble
 139              	.LVL11:
  73:Core/Src/display.c **** }
 140              		.loc 1 73 1 is_stmt 0 view .LVU18
 141 001a 38BD     		pop	{r3, r4, r5, pc}
 142              		.loc 1 73 1 view .LVU19
 143              		.cfi_endproc
 144              	.LFE226:
 146              		.section	.text.lcd_cmd,"ax",%progbits
 147              		.align	1
 148              		.syntax unified
 149              		.thumb
 150              		.thumb_func
 152              	lcd_cmd:
 153              	.LVL12:
 154              	.LFB227:
  74:Core/Src/display.c **** 
  75:Core/Src/display.c **** static void lcd_cmd(uint8_t cmd)
  76:Core/Src/display.c **** {
 155              		.loc 1 76 1 is_stmt 1 view -0
 156              		.cfi_startproc
 157              		@ args = 0, pretend = 0, frame = 0
 158              		@ frame_needed = 0, uses_anonymous_args = 0
 159              		.loc 1 76 1 is_stmt 0 view .LVU21
ARM GAS  /tmp/ccUzjlCM.s 			page 5


 160 0000 08B5     		push	{r3, lr}
 161              	.LCFI5:
 162              		.cfi_def_cfa_offset 8
 163              		.cfi_offset 3, -8
 164              		.cfi_offset 14, -4
  77:Core/Src/display.c ****     lcd_byte(cmd, 0);
 165              		.loc 1 77 5 is_stmt 1 view .LVU22
 166 0002 0021     		movs	r1, #0
 167 0004 FFF7FEFF 		bl	lcd_byte
 168              	.LVL13:
  78:Core/Src/display.c **** }
 169              		.loc 1 78 1 is_stmt 0 view .LVU23
 170 0008 08BD     		pop	{r3, pc}
 171              		.cfi_endproc
 172              	.LFE227:
 174              		.section	.text.lcd_set_cursor,"ax",%progbits
 175              		.align	1
 176              		.syntax unified
 177              		.thumb
 178              		.thumb_func
 180              	lcd_set_cursor:
 181              	.LVL14:
 182              	.LFB229:
  79:Core/Src/display.c **** 
  80:Core/Src/display.c **** static void lcd_data(uint8_t ch)
  81:Core/Src/display.c **** {
  82:Core/Src/display.c ****     lcd_byte(ch, LCD_RS);
  83:Core/Src/display.c **** }
  84:Core/Src/display.c **** 
  85:Core/Src/display.c **** static void lcd_set_cursor(uint8_t col, uint8_t row)
  86:Core/Src/display.c **** {
 183              		.loc 1 86 1 is_stmt 1 view -0
 184              		.cfi_startproc
 185              		@ args = 0, pretend = 0, frame = 0
 186              		@ frame_needed = 0, uses_anonymous_args = 0
 187              		.loc 1 86 1 is_stmt 0 view .LVU25
 188 0000 08B5     		push	{r3, lr}
 189              	.LCFI6:
 190              		.cfi_def_cfa_offset 8
 191              		.cfi_offset 3, -8
 192              		.cfi_offset 14, -4
  87:Core/Src/display.c ****     lcd_cmd(0x80 | (ROW_ADDR[row & 3] + col));
 193              		.loc 1 87 5 is_stmt 1 view .LVU26
 194              		.loc 1 87 34 is_stmt 0 view .LVU27
 195 0002 01F00301 		and	r1, r1, #3
 196              	.LVL15:
 197              		.loc 1 87 29 view .LVU28
 198 0006 044B     		ldr	r3, .L13
 199 0008 5B5C     		ldrb	r3, [r3, r1]	@ zero_extendqisi2
 200              		.loc 1 87 39 view .LVU29
 201 000a 1844     		add	r0, r0, r3
 202              	.LVL16:
 203              		.loc 1 87 5 view .LVU30
 204 000c 60F07F00 		orn	r0, r0, #127
 205 0010 C0B2     		uxtb	r0, r0
 206 0012 FFF7FEFF 		bl	lcd_cmd
 207              	.LVL17:
ARM GAS  /tmp/ccUzjlCM.s 			page 6


  88:Core/Src/display.c **** }
 208              		.loc 1 88 1 view .LVU31
 209 0016 08BD     		pop	{r3, pc}
 210              	.L14:
 211              		.align	2
 212              	.L13:
 213 0018 00000000 		.word	ROW_ADDR
 214              		.cfi_endproc
 215              	.LFE229:
 217              		.section	.text.lcd_data,"ax",%progbits
 218              		.align	1
 219              		.syntax unified
 220              		.thumb
 221              		.thumb_func
 223              	lcd_data:
 224              	.LVL18:
 225              	.LFB228:
  81:Core/Src/display.c ****     lcd_byte(ch, LCD_RS);
 226              		.loc 1 81 1 is_stmt 1 view -0
 227              		.cfi_startproc
 228              		@ args = 0, pretend = 0, frame = 0
 229              		@ frame_needed = 0, uses_anonymous_args = 0
  81:Core/Src/display.c ****     lcd_byte(ch, LCD_RS);
 230              		.loc 1 81 1 is_stmt 0 view .LVU33
 231 0000 08B5     		push	{r3, lr}
 232              	.LCFI7:
 233              		.cfi_def_cfa_offset 8
 234              		.cfi_offset 3, -8
 235              		.cfi_offset 14, -4
  82:Core/Src/display.c **** }
 236              		.loc 1 82 5 is_stmt 1 view .LVU34
 237 0002 0121     		movs	r1, #1
 238 0004 FFF7FEFF 		bl	lcd_byte
 239              	.LVL19:
  83:Core/Src/display.c **** 
 240              		.loc 1 83 1 is_stmt 0 view .LVU35
 241 0008 08BD     		pop	{r3, pc}
 242              		.cfi_endproc
 243              	.LFE228:
 245              		.section	.text.lcd_print,"ax",%progbits
 246              		.align	1
 247              		.syntax unified
 248              		.thumb
 249              		.thumb_func
 251              	lcd_print:
 252              	.LVL20:
 253              	.LFB230:
  89:Core/Src/display.c **** 
  90:Core/Src/display.c **** static void lcd_print(const char *str)
  91:Core/Src/display.c **** {
 254              		.loc 1 91 1 is_stmt 1 view -0
 255              		.cfi_startproc
 256              		@ args = 0, pretend = 0, frame = 0
 257              		@ frame_needed = 0, uses_anonymous_args = 0
 258              		.loc 1 91 1 is_stmt 0 view .LVU37
 259 0000 10B5     		push	{r4, lr}
 260              	.LCFI8:
ARM GAS  /tmp/ccUzjlCM.s 			page 7


 261              		.cfi_def_cfa_offset 8
 262              		.cfi_offset 4, -8
 263              		.cfi_offset 14, -4
 264 0002 0446     		mov	r4, r0
  92:Core/Src/display.c ****     while (*str) {
 265              		.loc 1 92 5 is_stmt 1 view .LVU38
 266              		.loc 1 92 11 is_stmt 0 view .LVU39
 267 0004 02E0     		b	.L18
 268              	.LVL21:
 269              	.L19:
  93:Core/Src/display.c ****         lcd_data((uint8_t)*str++);
 270              		.loc 1 93 9 is_stmt 1 view .LVU40
 271              		.loc 1 93 31 is_stmt 0 view .LVU41
 272 0006 0134     		adds	r4, r4, #1
 273              	.LVL22:
 274              		.loc 1 93 9 view .LVU42
 275 0008 FFF7FEFF 		bl	lcd_data
 276              	.LVL23:
 277              	.L18:
  92:Core/Src/display.c ****     while (*str) {
 278              		.loc 1 92 12 is_stmt 1 view .LVU43
 279 000c 2078     		ldrb	r0, [r4]	@ zero_extendqisi2
 280 000e 0028     		cmp	r0, #0
 281 0010 F9D1     		bne	.L19
  94:Core/Src/display.c ****     }
  95:Core/Src/display.c **** }
 282              		.loc 1 95 1 is_stmt 0 view .LVU44
 283 0012 10BD     		pop	{r4, pc}
 284              		.loc 1 95 1 view .LVU45
 285              		.cfi_endproc
 286              	.LFE230:
 288              		.section	.text.lcd_hw_init,"ax",%progbits
 289              		.align	1
 290              		.syntax unified
 291              		.thumb
 292              		.thumb_func
 294              	lcd_hw_init:
 295              	.LFB231:
  96:Core/Src/display.c **** 
  97:Core/Src/display.c **** // Ініціалізація LCD у 4-бітному режимі
  98:Core/Src/display.c **** static void lcd_hw_init(void)
  99:Core/Src/display.c **** {
 296              		.loc 1 99 1 is_stmt 1 view -0
 297              		.cfi_startproc
 298              		@ args = 0, pretend = 0, frame = 0
 299              		@ frame_needed = 0, uses_anonymous_args = 0
 300 0000 08B5     		push	{r3, lr}
 301              	.LCFI9:
 302              		.cfi_def_cfa_offset 8
 303              		.cfi_offset 3, -8
 304              		.cfi_offset 14, -4
 100:Core/Src/display.c ****     HAL_Delay(50);
 305              		.loc 1 100 5 view .LVU47
 306 0002 3220     		movs	r0, #50
 307 0004 FFF7FEFF 		bl	HAL_Delay
 308              	.LVL24:
 101:Core/Src/display.c **** 
ARM GAS  /tmp/ccUzjlCM.s 			page 8


 102:Core/Src/display.c ****     // Переключення в 4-бітний режим (три спроби для надій
 103:Core/Src/display.c ****     lcd_nibble(0x30, 0); HAL_Delay(5);
 309              		.loc 1 103 5 view .LVU48
 310 0008 0021     		movs	r1, #0
 311 000a 3020     		movs	r0, #48
 312 000c FFF7FEFF 		bl	lcd_nibble
 313              	.LVL25:
 314              		.loc 1 103 26 discriminator 1 view .LVU49
 315 0010 0520     		movs	r0, #5
 316 0012 FFF7FEFF 		bl	HAL_Delay
 317              	.LVL26:
 104:Core/Src/display.c ****     lcd_nibble(0x30, 0); HAL_Delay(2);
 318              		.loc 1 104 5 view .LVU50
 319 0016 0021     		movs	r1, #0
 320 0018 3020     		movs	r0, #48
 321 001a FFF7FEFF 		bl	lcd_nibble
 322              	.LVL27:
 323              		.loc 1 104 26 discriminator 1 view .LVU51
 324 001e 0220     		movs	r0, #2
 325 0020 FFF7FEFF 		bl	HAL_Delay
 326              	.LVL28:
 105:Core/Src/display.c ****     lcd_nibble(0x30, 0); HAL_Delay(2);
 327              		.loc 1 105 5 view .LVU52
 328 0024 0021     		movs	r1, #0
 329 0026 3020     		movs	r0, #48
 330 0028 FFF7FEFF 		bl	lcd_nibble
 331              	.LVL29:
 332              		.loc 1 105 26 discriminator 1 view .LVU53
 333 002c 0220     		movs	r0, #2
 334 002e FFF7FEFF 		bl	HAL_Delay
 335              	.LVL30:
 106:Core/Src/display.c ****     lcd_nibble(0x20, 0); HAL_Delay(2);
 336              		.loc 1 106 5 view .LVU54
 337 0032 0021     		movs	r1, #0
 338 0034 2020     		movs	r0, #32
 339 0036 FFF7FEFF 		bl	lcd_nibble
 340              	.LVL31:
 341              		.loc 1 106 26 discriminator 1 view .LVU55
 342 003a 0220     		movs	r0, #2
 343 003c FFF7FEFF 		bl	HAL_Delay
 344              	.LVL32:
 107:Core/Src/display.c **** 
 108:Core/Src/display.c ****     lcd_cmd(0x28); HAL_Delay(1);  // Function Set: 4-bit, 2 lines, 5x8 dots
 345              		.loc 1 108 5 view .LVU56
 346 0040 2820     		movs	r0, #40
 347 0042 FFF7FEFF 		bl	lcd_cmd
 348              	.LVL33:
 349              		.loc 1 108 20 discriminator 1 view .LVU57
 350 0046 0120     		movs	r0, #1
 351 0048 FFF7FEFF 		bl	HAL_Delay
 352              	.LVL34:
 109:Core/Src/display.c ****     lcd_cmd(0x0C); HAL_Delay(1);  // Display ON, cursor OFF, blink OFF
 353              		.loc 1 109 5 view .LVU58
 354 004c 0C20     		movs	r0, #12
 355 004e FFF7FEFF 		bl	lcd_cmd
 356              	.LVL35:
 357              		.loc 1 109 20 discriminator 1 view .LVU59
ARM GAS  /tmp/ccUzjlCM.s 			page 9


 358 0052 0120     		movs	r0, #1
 359 0054 FFF7FEFF 		bl	HAL_Delay
 360              	.LVL36:
 110:Core/Src/display.c ****     lcd_cmd(0x01); HAL_Delay(2);  // Clear display
 361              		.loc 1 110 5 view .LVU60
 362 0058 0120     		movs	r0, #1
 363 005a FFF7FEFF 		bl	lcd_cmd
 364              	.LVL37:
 365              		.loc 1 110 20 discriminator 1 view .LVU61
 366 005e 0220     		movs	r0, #2
 367 0060 FFF7FEFF 		bl	HAL_Delay
 368              	.LVL38:
 111:Core/Src/display.c ****     lcd_cmd(0x06); HAL_Delay(1);  // Entry Mode: increment, no shift
 369              		.loc 1 111 5 view .LVU62
 370 0064 0620     		movs	r0, #6
 371 0066 FFF7FEFF 		bl	lcd_cmd
 372              	.LVL39:
 373              		.loc 1 111 20 discriminator 1 view .LVU63
 374 006a 0120     		movs	r0, #1
 375 006c FFF7FEFF 		bl	HAL_Delay
 376              	.LVL40:
 112:Core/Src/display.c **** }
 377              		.loc 1 112 1 is_stmt 0 view .LVU64
 378 0070 08BD     		pop	{r3, pc}
 379              		.cfi_endproc
 380              	.LFE231:
 382              		.section	.rodata.format_range_kN.str1.4,"aMS",%progbits,1
 383              		.align	2
 384              	.LC0:
 385 0000 252E3066 		.ascii	"%.0f-%.0f\000"
 385      2D252E30 
 385      6600
 386 000a 0000     		.align	2
 387              	.LC1:
 388 000c 252E3166 		.ascii	"%.1f-%.1f\000"
 388      2D252E31 
 388      6600
 389              		.section	.text.format_range_kN,"ax",%progbits
 390              		.align	1
 391              		.syntax unified
 392              		.thumb
 393              		.thumb_func
 395              	format_range_kN:
 396              	.LVL41:
 397              	.LFB233:
 113:Core/Src/display.c **** 
 114:Core/Src/display.c **** // ===== Формування рядків =====
 115:Core/Src/display.c **** 
 116:Core/Src/display.c **** static void make_line_padded(char *dst, const char *src)
 117:Core/Src/display.c **** {
 118:Core/Src/display.c ****     int len = (int)strlen(src);
 119:Core/Src/display.c ****     if (len > LCD_COLS) len = LCD_COLS;
 120:Core/Src/display.c ****     memcpy(dst, src, len);
 121:Core/Src/display.c ****     for (int i = len; i < LCD_COLS; i++) dst[i] = ' ';
 122:Core/Src/display.c ****     dst[LCD_COLS] = '\0';
 123:Core/Src/display.c **** }
 124:Core/Src/display.c **** 
ARM GAS  /tmp/ccUzjlCM.s 			page 10


 125:Core/Src/display.c **** // Форматує діапазон зусилля в кН у 7-символьний рядок
 126:Core/Src/display.c **** // 8.5-9.0 → "8.5-9.0"  |  15-16 → "15-16  " (padded)
 127:Core/Src/display.c **** static void format_range_kN(char *buf, float fmin, float fmax)
 128:Core/Src/display.c **** {
 398              		.loc 1 128 1 is_stmt 1 view -0
 399              		.cfi_startproc
 400              		@ args = 0, pretend = 0, frame = 0
 401              		@ frame_needed = 0, uses_anonymous_args = 0
 402              		.loc 1 128 1 is_stmt 0 view .LVU66
 403 0000 10B5     		push	{r4, lr}
 404              	.LCFI10:
 405              		.cfi_def_cfa_offset 8
 406              		.cfi_offset 4, -8
 407              		.cfi_offset 14, -4
 408 0002 2DED028B 		vpush.64	{d8}
 409              	.LCFI11:
 410              		.cfi_def_cfa_offset 16
 411              		.cfi_offset 80, -16
 412              		.cfi_offset 81, -12
 413 0006 84B0     		sub	sp, sp, #16
 414              	.LCFI12:
 415              		.cfi_def_cfa_offset 32
 416 0008 0446     		mov	r4, r0
 417 000a B0EE408A 		vmov.f32	s16, s0
 418 000e 10EE900A 		vmov	r0, s1
 419              	.LVL42:
 129:Core/Src/display.c ****     if (fmin >= 10.0f) {
 420              		.loc 1 129 5 is_stmt 1 view .LVU67
 421              		.loc 1 129 8 is_stmt 0 view .LVU68
 422 0012 F2EE047A 		vmov.f32	s15, #1.0e+1
 423 0016 B4EEE70A 		vcmpe.f32	s0, s15
 424 001a F1EE10FA 		vmrs	APSR_nzcv, FPSCR
 425 001e 12DB     		blt	.L28
 130:Core/Src/display.c ****         snprintf(buf, 8, "%.0f-%.0f", (double)fmin, (double)fmax);
 426              		.loc 1 130 9 is_stmt 1 view .LVU69
 427 0020 FFF7FEFF 		bl	__aeabi_f2d
 428              	.LVL43:
 429              		.loc 1 130 9 is_stmt 0 view .LVU70
 430 0024 CDE90201 		strd	r0, [sp, #8]
 431 0028 18EE100A 		vmov	r0, s16
 432 002c FFF7FEFF 		bl	__aeabi_f2d
 433              	.LVL44:
 434 0030 CDE90001 		strd	r0, [sp]
 435 0034 0C4A     		ldr	r2, .L30
 436 0036 0821     		movs	r1, #8
 437 0038 2046     		mov	r0, r4
 438 003a FFF7FEFF 		bl	snprintf
 439              	.LVL45:
 440              	.L23:
 131:Core/Src/display.c ****     } else {
 132:Core/Src/display.c ****         snprintf(buf, 8, "%.1f-%.1f", (double)fmin, (double)fmax);
 133:Core/Src/display.c ****     }
 134:Core/Src/display.c **** }
 441              		.loc 1 134 1 view .LVU71
 442 003e 04B0     		add	sp, sp, #16
 443              	.LCFI13:
 444              		.cfi_remember_state
ARM GAS  /tmp/ccUzjlCM.s 			page 11


 445              		.cfi_def_cfa_offset 16
 446              		@ sp needed
 447 0040 BDEC028B 		vldm	sp!, {d8}
 448              	.LCFI14:
 449              		.cfi_restore 80
 450              		.cfi_restore 81
 451              		.cfi_def_cfa_offset 8
 452              	.LVL46:
 453              		.loc 1 134 1 view .LVU72
 454 0044 10BD     		pop	{r4, pc}
 455              	.LVL47:
 456              	.L28:
 457              	.LCFI15:
 458              		.cfi_restore_state
 132:Core/Src/display.c ****     }
 459              		.loc 1 132 9 is_stmt 1 view .LVU73
 460 0046 FFF7FEFF 		bl	__aeabi_f2d
 461              	.LVL48:
 132:Core/Src/display.c ****     }
 462              		.loc 1 132 9 is_stmt 0 view .LVU74
 463 004a CDE90201 		strd	r0, [sp, #8]
 464 004e 18EE100A 		vmov	r0, s16
 465 0052 FFF7FEFF 		bl	__aeabi_f2d
 466              	.LVL49:
 467 0056 CDE90001 		strd	r0, [sp]
 468 005a 044A     		ldr	r2, .L30+4
 469 005c 0821     		movs	r1, #8
 470 005e 2046     		mov	r0, r4
 471 0060 FFF7FEFF 		bl	snprintf
 472              	.LVL50:
 473              		.loc 1 134 1 view .LVU75
 474 0064 EBE7     		b	.L23
 475              	.L31:
 476 0066 00BF     		.align	2
 477              	.L30:
 478 0068 00000000 		.word	.LC0
 479 006c 0C000000 		.word	.LC1
 480              		.cfi_endproc
 481              	.LFE233:
 483              		.section	.text.make_line_padded,"ax",%progbits
 484              		.align	1
 485              		.syntax unified
 486              		.thumb
 487              		.thumb_func
 489              	make_line_padded:
 490              	.LVL51:
 491              	.LFB232:
 117:Core/Src/display.c ****     int len = (int)strlen(src);
 492              		.loc 1 117 1 is_stmt 1 view -0
 493              		.cfi_startproc
 494              		@ args = 0, pretend = 0, frame = 0
 495              		@ frame_needed = 0, uses_anonymous_args = 0
 117:Core/Src/display.c ****     int len = (int)strlen(src);
 496              		.loc 1 117 1 is_stmt 0 view .LVU77
 497 0000 70B5     		push	{r4, r5, r6, lr}
 498              	.LCFI16:
 499              		.cfi_def_cfa_offset 16
ARM GAS  /tmp/ccUzjlCM.s 			page 12


 500              		.cfi_offset 4, -16
 501              		.cfi_offset 5, -12
 502              		.cfi_offset 6, -8
 503              		.cfi_offset 14, -4
 504 0002 0546     		mov	r5, r0
 505 0004 0E46     		mov	r6, r1
 118:Core/Src/display.c ****     if (len > LCD_COLS) len = LCD_COLS;
 506              		.loc 1 118 5 is_stmt 1 view .LVU78
 118:Core/Src/display.c ****     if (len > LCD_COLS) len = LCD_COLS;
 507              		.loc 1 118 20 is_stmt 0 view .LVU79
 508 0006 0846     		mov	r0, r1
 509              	.LVL52:
 118:Core/Src/display.c ****     if (len > LCD_COLS) len = LCD_COLS;
 510              		.loc 1 118 20 view .LVU80
 511 0008 FFF7FEFF 		bl	strlen
 512              	.LVL53:
 118:Core/Src/display.c ****     if (len > LCD_COLS) len = LCD_COLS;
 513              		.loc 1 118 9 discriminator 1 view .LVU81
 514 000c 0446     		mov	r4, r0
 515              	.LVL54:
 119:Core/Src/display.c ****     memcpy(dst, src, len);
 516              		.loc 1 119 5 is_stmt 1 view .LVU82
 119:Core/Src/display.c ****     memcpy(dst, src, len);
 517              		.loc 1 119 8 is_stmt 0 view .LVU83
 518 000e 1428     		cmp	r0, #20
 519 0010 00DD     		ble	.L33
 119:Core/Src/display.c ****     memcpy(dst, src, len);
 520              		.loc 1 119 29 discriminator 1 view .LVU84
 521 0012 1424     		movs	r4, #20
 522              	.L33:
 523              	.LVL55:
 120:Core/Src/display.c ****     for (int i = len; i < LCD_COLS; i++) dst[i] = ' ';
 524              		.loc 1 120 5 is_stmt 1 view .LVU85
 525 0014 2246     		mov	r2, r4
 526 0016 3146     		mov	r1, r6
 527 0018 2846     		mov	r0, r5
 528 001a FFF7FEFF 		bl	memcpy
 529              	.LVL56:
 121:Core/Src/display.c ****     dst[LCD_COLS] = '\0';
 530              		.loc 1 121 5 view .LVU86
 531              	.LBB2:
 121:Core/Src/display.c ****     dst[LCD_COLS] = '\0';
 532              		.loc 1 121 10 view .LVU87
 121:Core/Src/display.c ****     dst[LCD_COLS] = '\0';
 533              		.loc 1 121 5 is_stmt 0 view .LVU88
 534 001e 02E0     		b	.L34
 535              	.LVL57:
 536              	.L35:
 121:Core/Src/display.c ****     dst[LCD_COLS] = '\0';
 537              		.loc 1 121 42 is_stmt 1 discriminator 3 view .LVU89
 121:Core/Src/display.c ****     dst[LCD_COLS] = '\0';
 538              		.loc 1 121 49 is_stmt 0 discriminator 3 view .LVU90
 539 0020 2023     		movs	r3, #32
 540 0022 2B55     		strb	r3, [r5, r4]
 121:Core/Src/display.c ****     dst[LCD_COLS] = '\0';
 541              		.loc 1 121 38 is_stmt 1 discriminator 3 view .LVU91
 542 0024 0134     		adds	r4, r4, #1
ARM GAS  /tmp/ccUzjlCM.s 			page 13


 543              	.LVL58:
 544              	.L34:
 121:Core/Src/display.c ****     dst[LCD_COLS] = '\0';
 545              		.loc 1 121 25 discriminator 1 view .LVU92
 546 0026 132C     		cmp	r4, #19
 547 0028 FADD     		ble	.L35
 548              	.LBE2:
 122:Core/Src/display.c **** }
 549              		.loc 1 122 5 view .LVU93
 122:Core/Src/display.c **** }
 550              		.loc 1 122 19 is_stmt 0 view .LVU94
 551 002a 0023     		movs	r3, #0
 552 002c 2B75     		strb	r3, [r5, #20]
 123:Core/Src/display.c **** 
 553              		.loc 1 123 1 view .LVU95
 554 002e 70BD     		pop	{r4, r5, r6, pc}
 123:Core/Src/display.c **** 
 555              		.loc 1 123 1 view .LVU96
 556              		.cfi_endproc
 557              	.LFE232:
 559              		.section	.rodata.build_screen_auto.str1.4,"aMS",%progbits,1
 560              		.align	2
 561              	.LC2:
 562 0000 41505052 		.ascii	"APPR\000"
 562      00
 563 0005 000000   		.align	2
 564              	.LC3:
 565 0008 534F4654 		.ascii	"SOFT\000"
 565      00
 566 000d 000000   		.align	2
 567              	.LC4:
 568 0010 50524553 		.ascii	"PRESS\000"
 568      5300
 569 0016 0000     		.align	2
 570              	.LC5:
 571 0018 41534545 		.ascii	"ASEEK\000"
 571      4B00
 572 001e 0000     		.align	2
 573              	.LC6:
 574 0020 484F4C44 		.ascii	"HOLD\000"
 574      00
 575 0025 000000   		.align	2
 576              	.LC7:
 577 0028 444F4E45 		.ascii	"DONE\000"
 577      00
 578 002d 000000   		.align	2
 579              	.LC8:
 580 0030 46494E45 		.ascii	"FINE\000"
 580      00
 581 0035 000000   		.align	2
 582              	.LC9:
 583 0038 4241434B 		.ascii	"BACK\000"
 583      00
 584 003d 000000   		.align	2
 585              	.LC10:
 586 0040 49444C45 		.ascii	"IDLE\000"
 586      00
ARM GAS  /tmp/ccUzjlCM.s 			page 14


 587 0045 000000   		.align	2
 588              	.LC11:
 589 0048 3D3D3D20 		.ascii	"=== AUTO FORCE ===\000"
 589      4155544F 
 589      20464F52 
 589      4345203D 
 589      3D3D00
 590 005b 00       		.align	2
 591              	.LC12:
 592 005c 4E6F773A 		.ascii	"Now:   %6.2f kN\000"
 592      20202025 
 592      362E3266 
 592      206B4E00 
 593              		.align	2
 594              	.LC13:
 595 006c 543A2535 		.ascii	"T:%5.2f E:%+5.2f\000"
 595      2E326620 
 595      453A252B 
 595      352E3266 
 595      00
 596 007d 000000   		.align	2
 597              	.LC14:
 598 0080 55503D73 		.ascii	"UP=start DN=stop\000"
 598      74617274 
 598      20444E3D 
 598      73746F70 
 598      00
 599 0091 000000   		.align	2
 600              	.LC15:
 601 0094 252D3573 		.ascii	"%-5s%4u  STOP\000"
 601      25347520 
 601      2053544F 
 601      5000
 602              		.section	.text.build_screen_auto,"ax",%progbits
 603              		.align	1
 604              		.syntax unified
 605              		.thumb
 606              		.thumb_func
 608              	build_screen_auto:
 609              	.LFB235:
 135:Core/Src/display.c **** 
 136:Core/Src/display.c **** static void build_screen_main(void)
 137:Core/Src/display.c **** {
 138:Core/Src/display.c ****     char tmp[LCD_COLS + 1];
 139:Core/Src/display.c ****     const char *mode = "IDLE";
 140:Core/Src/display.c **** 
 141:Core/Src/display.c ****     // Рядок 0: активний пресет або назва пристрою
 142:Core/Src/display.c ****     if (s_active_preset >= 0 && s_active_preset < PRESET_COUNT) {
 143:Core/Src/display.c ****         const Preset_t *p = &g_presets[s_active_preset];
 144:Core/Src/display.c ****         char rng[8];
 145:Core/Src/display.c ****         format_range_kN(rng, p->force_min_kN, p->force_max_kN);
 146:Core/Src/display.c ****         // "300 Nozzle  8.5-9.0"  = 3+1+8+7 = 19 chars → padded to 20
 147:Core/Src/display.c ****         snprintf(tmp, sizeof(tmp), "%-3s %-8s%s", p->inj_name, p->op_name, rng);
 148:Core/Src/display.c ****     } else {
 149:Core/Src/display.c ****         snprintf(tmp, sizeof(tmp), "VW NF PRESS");
 150:Core/Src/display.c ****     }
 151:Core/Src/display.c ****     make_line_padded(s_new_buf[0], tmp);
ARM GAS  /tmp/ccUzjlCM.s 			page 15


 152:Core/Src/display.c **** 
 153:Core/Src/display.c ****     // Рядок 1: поточне і задане зусилля
 154:Core/Src/display.c ****     snprintf(tmp, sizeof(tmp), "F:%5.2f kN  T:%5.2f",
 155:Core/Src/display.c ****              (double)s_force, (double)s_target);
 156:Core/Src/display.c ****     make_line_padded(s_new_buf[1], tmp);
 157:Core/Src/display.c **** 
 158:Core/Src/display.c ****     // Рядок 2: поточний / заданий кут
 159:Core/Src/display.c ****     s_blink_tick++;
 160:Core/Src/display.c ****     if (s_angle_reached && (s_blink_tick & 0x03U)) {
 161:Core/Src/display.c ****         make_line_padded(s_new_buf[2], "Angle: [  DONE!  ]  ");
 162:Core/Src/display.c ****     } else {
 163:Core/Src/display.c ****         snprintf(tmp, sizeof(tmp), "Angle:%6.1f /%6.1f",
 164:Core/Src/display.c ****                  (double)s_angle_current, (double)s_angle_target);
 165:Core/Src/display.c ****         make_line_padded(s_new_buf[2], tmp);
 166:Core/Src/display.c ****     }
 167:Core/Src/display.c **** 
 168:Core/Src/display.c ****     switch (s_motion_mode) {
 169:Core/Src/display.c ****         case DISPLAY_MODE_APPROACH: mode = "APPR"; break;
 170:Core/Src/display.c ****         case DISPLAY_MODE_SOFT:     mode = "SOFT"; break;
 171:Core/Src/display.c ****         case DISPLAY_MODE_PRESS:    mode = "PRESS"; break;
 172:Core/Src/display.c ****         case DISPLAY_MODE_ASEEK:    mode = "ASEEK"; break;
 173:Core/Src/display.c ****         case DISPLAY_MODE_HOLD:     mode = "HOLD"; break;
 174:Core/Src/display.c ****         case DISPLAY_MODE_DONE:     mode = "DONE"; break;
 175:Core/Src/display.c ****         case DISPLAY_MODE_FINE:     mode = "FINE"; break;
 176:Core/Src/display.c ****         case DISPLAY_MODE_RETRACT:  mode = "BACK"; break;
 177:Core/Src/display.c ****         case DISPLAY_MODE_IDLE:
 178:Core/Src/display.c ****         default:                    mode = "IDLE"; break;
 179:Core/Src/display.c ****     }
 180:Core/Src/display.c **** 
 181:Core/Src/display.c ****     snprintf(tmp, sizeof(tmp), "%-5s%4u  STOP", mode, (unsigned)s_motion_speed);
 182:Core/Src/display.c ****     make_line_padded(s_new_buf[3], tmp);
 183:Core/Src/display.c **** }
 184:Core/Src/display.c **** 
 185:Core/Src/display.c **** static void build_screen_auto(void)
 186:Core/Src/display.c **** {
 610              		.loc 1 186 1 is_stmt 1 view -0
 611              		.cfi_startproc
 612              		@ args = 0, pretend = 0, frame = 24
 613              		@ frame_needed = 0, uses_anonymous_args = 0
 614 0000 F0B5     		push	{r4, r5, r6, r7, lr}
 615              	.LCFI17:
 616              		.cfi_def_cfa_offset 20
 617              		.cfi_offset 4, -20
 618              		.cfi_offset 5, -16
 619              		.cfi_offset 6, -12
 620              		.cfi_offset 7, -8
 621              		.cfi_offset 14, -4
 622 0002 8BB0     		sub	sp, sp, #44
 623              	.LCFI18:
 624              		.cfi_def_cfa_offset 64
 187:Core/Src/display.c ****     char tmp[LCD_COLS + 1];
 625              		.loc 1 187 5 view .LVU98
 188:Core/Src/display.c ****     const char *mode = "IDLE";
 626              		.loc 1 188 5 view .LVU99
 627              	.LVL59:
 189:Core/Src/display.c ****     bool auto_idle_hint = (s_motion_mode == DISPLAY_MODE_IDLE && s_motion_speed == 0);
 628              		.loc 1 189 5 view .LVU100
ARM GAS  /tmp/ccUzjlCM.s 			page 16


 629              		.loc 1 189 42 is_stmt 0 view .LVU101
 630 0004 334B     		ldr	r3, .L56
 631 0006 1B78     		ldrb	r3, [r3]	@ zero_extendqisi2
 632              		.loc 1 189 63 view .LVU102
 633 0008 23B9     		cbnz	r3, .L52
 634              		.loc 1 189 81 discriminator 1 view .LVU103
 635 000a 334A     		ldr	r2, .L56+4
 636 000c 1288     		ldrh	r2, [r2]
 637              		.loc 1 189 63 discriminator 1 view .LVU104
 638 000e 5AB1     		cbz	r2, .L53
 639              		.loc 1 189 63 discriminator 4 view .LVU105
 640 0010 0025     		movs	r5, #0
 641 0012 00E0     		b	.L39
 642              	.L52:
 643 0014 0025     		movs	r5, #0
 644              	.L39:
 645              	.LVL60:
 190:Core/Src/display.c **** 
 191:Core/Src/display.c ****     switch (s_motion_mode) {
 646              		.loc 1 191 5 is_stmt 1 view .LVU106
 647 0016 013B     		subs	r3, r3, #1
 648 0018 072B     		cmp	r3, #7
 649 001a 4CD8     		bhi	.L40
 650 001c DFE803F0 		tbb	[pc, r3]
 651              	.L42:
 652 0020 06       		.byte	(.L49-.L42)/2
 653 0021 4D       		.byte	(.L54-.L42)/2
 654 0022 3F       		.byte	(.L47-.L42)/2
 655 0023 41       		.byte	(.L46-.L42)/2
 656 0024 43       		.byte	(.L45-.L42)/2
 657 0025 45       		.byte	(.L44-.L42)/2
 658 0026 47       		.byte	(.L43-.L42)/2
 659 0027 49       		.byte	(.L41-.L42)/2
 660              	.LVL61:
 661              		.p2align 1
 662              	.L53:
 189:Core/Src/display.c ****     bool auto_idle_hint = (s_motion_mode == DISPLAY_MODE_IDLE && s_motion_speed == 0);
 663              		.loc 1 189 63 is_stmt 0 discriminator 3 view .LVU107
 664 0028 0125     		movs	r5, #1
 665 002a F4E7     		b	.L39
 666              	.LVL62:
 667              	.L49:
 668              		.loc 1 191 5 view .LVU108
 669 002c 2B4F     		ldr	r7, .L56+8
 670              	.LVL63:
 671              	.L48:
 192:Core/Src/display.c ****         case DISPLAY_MODE_APPROACH: mode = "APPR"; break;
 193:Core/Src/display.c ****         case DISPLAY_MODE_SOFT:     mode = "SOFT"; break;
 194:Core/Src/display.c ****         case DISPLAY_MODE_PRESS:    mode = "PRESS"; break;
 195:Core/Src/display.c ****         case DISPLAY_MODE_ASEEK:    mode = "ASEEK"; break;
 196:Core/Src/display.c ****         case DISPLAY_MODE_HOLD:     mode = "HOLD"; break;
 197:Core/Src/display.c ****         case DISPLAY_MODE_DONE:     mode = "DONE"; break;
 198:Core/Src/display.c ****         case DISPLAY_MODE_FINE:     mode = "FINE"; break;
 199:Core/Src/display.c ****         case DISPLAY_MODE_RETRACT:  mode = "BACK"; break;
 200:Core/Src/display.c ****         case DISPLAY_MODE_IDLE:
 201:Core/Src/display.c ****         default:                    mode = "IDLE"; break;
 202:Core/Src/display.c ****     }
ARM GAS  /tmp/ccUzjlCM.s 			page 17


 203:Core/Src/display.c **** 
 204:Core/Src/display.c ****     make_line_padded(s_new_buf[0], "=== AUTO FORCE ===");
 672              		.loc 1 204 5 is_stmt 1 view .LVU109
 673 002e 2C4E     		ldr	r6, .L56+12
 674 0030 2C49     		ldr	r1, .L56+16
 675 0032 3046     		mov	r0, r6
 676 0034 FFF7FEFF 		bl	make_line_padded
 677              	.LVL64:
 205:Core/Src/display.c **** 
 206:Core/Src/display.c ****     snprintf(tmp, sizeof(tmp), "Now:   %6.2f kN", (double)s_auto_force);
 678              		.loc 1 206 5 view .LVU110
 679 0038 04AC     		add	r4, sp, #16
 680 003a 2B4B     		ldr	r3, .L56+20
 681 003c 1868     		ldr	r0, [r3]	@ float
 682 003e FFF7FEFF 		bl	__aeabi_f2d
 683              	.LVL65:
 684 0042 CDE90001 		strd	r0, [sp]
 685 0046 294A     		ldr	r2, .L56+24
 686 0048 1521     		movs	r1, #21
 687 004a 2046     		mov	r0, r4
 688 004c FFF7FEFF 		bl	snprintf
 689              	.LVL66:
 207:Core/Src/display.c ****     make_line_padded(s_new_buf[1], tmp);
 690              		.loc 1 207 5 view .LVU111
 691 0050 2146     		mov	r1, r4
 692 0052 06F11500 		add	r0, r6, #21
 693 0056 FFF7FEFF 		bl	make_line_padded
 694              	.LVL67:
 208:Core/Src/display.c **** 
 209:Core/Src/display.c ****     snprintf(tmp, sizeof(tmp), "T:%5.2f E:%+5.2f", (double)s_auto_target, (double)s_auto_error);
 695              		.loc 1 209 5 view .LVU112
 696 005a 254B     		ldr	r3, .L56+28
 697 005c 1868     		ldr	r0, [r3]	@ float
 698 005e FFF7FEFF 		bl	__aeabi_f2d
 699              	.LVL68:
 700 0062 CDE90201 		strd	r0, [sp, #8]
 701 0066 234B     		ldr	r3, .L56+32
 702 0068 1868     		ldr	r0, [r3]	@ float
 703 006a FFF7FEFF 		bl	__aeabi_f2d
 704              	.LVL69:
 705 006e CDE90001 		strd	r0, [sp]
 706 0072 214A     		ldr	r2, .L56+36
 707 0074 1521     		movs	r1, #21
 708 0076 2046     		mov	r0, r4
 709 0078 FFF7FEFF 		bl	snprintf
 710              	.LVL70:
 210:Core/Src/display.c ****     make_line_padded(s_new_buf[2], tmp);
 711              		.loc 1 210 5 view .LVU113
 712 007c 2146     		mov	r1, r4
 713 007e 06F12A00 		add	r0, r6, #42
 714 0082 FFF7FEFF 		bl	make_line_padded
 715              	.LVL71:
 211:Core/Src/display.c **** 
 212:Core/Src/display.c ****     if (auto_idle_hint) {
 716              		.loc 1 212 5 view .LVU114
 717              		.loc 1 212 8 is_stmt 0 view .LVU115
 718 0086 D5B1     		cbz	r5, .L50
ARM GAS  /tmp/ccUzjlCM.s 			page 18


 213:Core/Src/display.c ****         snprintf(tmp, sizeof(tmp), "UP=start DN=stop");
 719              		.loc 1 213 9 is_stmt 1 view .LVU116
 720 0088 1C4D     		ldr	r5, .L56+40
 721              	.LVL72:
 722              		.loc 1 213 9 is_stmt 0 view .LVU117
 723 008a 0FCD     		ldmia	r5!, {r0, r1, r2, r3}
 724 008c 0FC4     		stmia	r4!, {r0, r1, r2, r3}
 725 008e 2B68     		ldr	r3, [r5]
 726 0090 2370     		strb	r3, [r4]
 727              	.L51:
 214:Core/Src/display.c ****     } else {
 215:Core/Src/display.c ****         snprintf(tmp, sizeof(tmp), "%-5s%4u  STOP", mode, (unsigned)s_motion_speed);
 216:Core/Src/display.c ****     }
 217:Core/Src/display.c ****     make_line_padded(s_new_buf[3], tmp);
 728              		.loc 1 217 5 is_stmt 1 view .LVU118
 729 0092 04A9     		add	r1, sp, #16
 730 0094 1A48     		ldr	r0, .L56+44
 731 0096 FFF7FEFF 		bl	make_line_padded
 732              	.LVL73:
 218:Core/Src/display.c **** }
 733              		.loc 1 218 1 is_stmt 0 view .LVU119
 734 009a 0BB0     		add	sp, sp, #44
 735              	.LCFI19:
 736              		.cfi_remember_state
 737              		.cfi_def_cfa_offset 20
 738              		@ sp needed
 739 009c F0BD     		pop	{r4, r5, r6, r7, pc}
 740              	.LVL74:
 741              	.L47:
 742              	.LCFI20:
 743              		.cfi_restore_state
 194:Core/Src/display.c ****         case DISPLAY_MODE_ASEEK:    mode = "ASEEK"; break;
 744              		.loc 1 194 37 is_stmt 1 view .LVU120
 194:Core/Src/display.c ****         case DISPLAY_MODE_ASEEK:    mode = "ASEEK"; break;
 745              		.loc 1 194 53 view .LVU121
 194:Core/Src/display.c ****         case DISPLAY_MODE_ASEEK:    mode = "ASEEK"; break;
 746              		.loc 1 194 42 is_stmt 0 view .LVU122
 747 009e 194F     		ldr	r7, .L56+48
 194:Core/Src/display.c ****         case DISPLAY_MODE_ASEEK:    mode = "ASEEK"; break;
 748              		.loc 1 194 53 view .LVU123
 749 00a0 C5E7     		b	.L48
 750              	.LVL75:
 751              	.L46:
 195:Core/Src/display.c ****         case DISPLAY_MODE_HOLD:     mode = "HOLD"; break;
 752              		.loc 1 195 37 is_stmt 1 view .LVU124
 195:Core/Src/display.c ****         case DISPLAY_MODE_HOLD:     mode = "HOLD"; break;
 753              		.loc 1 195 53 view .LVU125
 195:Core/Src/display.c ****         case DISPLAY_MODE_HOLD:     mode = "HOLD"; break;
 754              		.loc 1 195 42 is_stmt 0 view .LVU126
 755 00a2 194F     		ldr	r7, .L56+52
 195:Core/Src/display.c ****         case DISPLAY_MODE_HOLD:     mode = "HOLD"; break;
 756              		.loc 1 195 53 view .LVU127
 757 00a4 C3E7     		b	.L48
 758              	.LVL76:
 759              	.L45:
 196:Core/Src/display.c ****         case DISPLAY_MODE_DONE:     mode = "DONE"; break;
 760              		.loc 1 196 37 is_stmt 1 view .LVU128
ARM GAS  /tmp/ccUzjlCM.s 			page 19


 196:Core/Src/display.c ****         case DISPLAY_MODE_DONE:     mode = "DONE"; break;
 761              		.loc 1 196 52 view .LVU129
 196:Core/Src/display.c ****         case DISPLAY_MODE_DONE:     mode = "DONE"; break;
 762              		.loc 1 196 42 is_stmt 0 view .LVU130
 763 00a6 194F     		ldr	r7, .L56+56
 196:Core/Src/display.c ****         case DISPLAY_MODE_DONE:     mode = "DONE"; break;
 764              		.loc 1 196 52 view .LVU131
 765 00a8 C1E7     		b	.L48
 766              	.LVL77:
 767              	.L44:
 197:Core/Src/display.c ****         case DISPLAY_MODE_FINE:     mode = "FINE"; break;
 768              		.loc 1 197 37 is_stmt 1 view .LVU132
 197:Core/Src/display.c ****         case DISPLAY_MODE_FINE:     mode = "FINE"; break;
 769              		.loc 1 197 52 view .LVU133
 197:Core/Src/display.c ****         case DISPLAY_MODE_FINE:     mode = "FINE"; break;
 770              		.loc 1 197 42 is_stmt 0 view .LVU134
 771 00aa 194F     		ldr	r7, .L56+60
 197:Core/Src/display.c ****         case DISPLAY_MODE_FINE:     mode = "FINE"; break;
 772              		.loc 1 197 52 view .LVU135
 773 00ac BFE7     		b	.L48
 774              	.LVL78:
 775              	.L43:
 198:Core/Src/display.c ****         case DISPLAY_MODE_RETRACT:  mode = "BACK"; break;
 776              		.loc 1 198 37 is_stmt 1 view .LVU136
 198:Core/Src/display.c ****         case DISPLAY_MODE_RETRACT:  mode = "BACK"; break;
 777              		.loc 1 198 52 view .LVU137
 198:Core/Src/display.c ****         case DISPLAY_MODE_RETRACT:  mode = "BACK"; break;
 778              		.loc 1 198 42 is_stmt 0 view .LVU138
 779 00ae 194F     		ldr	r7, .L56+64
 198:Core/Src/display.c ****         case DISPLAY_MODE_RETRACT:  mode = "BACK"; break;
 780              		.loc 1 198 52 view .LVU139
 781 00b0 BDE7     		b	.L48
 782              	.LVL79:
 783              	.L41:
 199:Core/Src/display.c ****         case DISPLAY_MODE_IDLE:
 784              		.loc 1 199 37 is_stmt 1 view .LVU140
 199:Core/Src/display.c ****         case DISPLAY_MODE_IDLE:
 785              		.loc 1 199 52 view .LVU141
 199:Core/Src/display.c ****         case DISPLAY_MODE_IDLE:
 786              		.loc 1 199 42 is_stmt 0 view .LVU142
 787 00b2 194F     		ldr	r7, .L56+68
 199:Core/Src/display.c ****         case DISPLAY_MODE_IDLE:
 788              		.loc 1 199 52 view .LVU143
 789 00b4 BBE7     		b	.L48
 790              	.LVL80:
 791              	.L40:
 201:Core/Src/display.c ****     }
 792              		.loc 1 201 37 is_stmt 1 view .LVU144
 201:Core/Src/display.c ****     }
 793              		.loc 1 201 52 view .LVU145
 201:Core/Src/display.c ****     }
 794              		.loc 1 201 42 is_stmt 0 view .LVU146
 795 00b6 194F     		ldr	r7, .L56+72
 201:Core/Src/display.c ****     }
 796              		.loc 1 201 52 view .LVU147
 797 00b8 B9E7     		b	.L48
 798              	.L54:
ARM GAS  /tmp/ccUzjlCM.s 			page 20


 193:Core/Src/display.c ****         case DISPLAY_MODE_PRESS:    mode = "PRESS"; break;
 799              		.loc 1 193 42 view .LVU148
 800 00ba 194F     		ldr	r7, .L56+76
 801 00bc B7E7     		b	.L48
 802              	.LVL81:
 803              	.L50:
 215:Core/Src/display.c ****     }
 804              		.loc 1 215 9 is_stmt 1 view .LVU149
 805 00be 064B     		ldr	r3, .L56+4
 806 00c0 1B88     		ldrh	r3, [r3]
 807 00c2 0093     		str	r3, [sp]
 808 00c4 3B46     		mov	r3, r7
 809 00c6 174A     		ldr	r2, .L56+80
 810 00c8 1521     		movs	r1, #21
 811 00ca 04A8     		add	r0, sp, #16
 812 00cc FFF7FEFF 		bl	snprintf
 813              	.LVL82:
 814 00d0 DFE7     		b	.L51
 815              	.L57:
 816 00d2 00BF     		.align	2
 817              	.L56:
 818 00d4 00000000 		.word	s_motion_mode
 819 00d8 00000000 		.word	s_motion_speed
 820 00dc 00000000 		.word	.LC2
 821 00e0 00000000 		.word	s_new_buf
 822 00e4 48000000 		.word	.LC11
 823 00e8 00000000 		.word	s_auto_force
 824 00ec 5C000000 		.word	.LC12
 825 00f0 00000000 		.word	s_auto_error
 826 00f4 00000000 		.word	s_auto_target
 827 00f8 6C000000 		.word	.LC13
 828 00fc 80000000 		.word	.LC14
 829 0100 3F000000 		.word	s_new_buf+63
 830 0104 10000000 		.word	.LC4
 831 0108 18000000 		.word	.LC5
 832 010c 20000000 		.word	.LC6
 833 0110 28000000 		.word	.LC7
 834 0114 30000000 		.word	.LC8
 835 0118 38000000 		.word	.LC9
 836 011c 40000000 		.word	.LC10
 837 0120 08000000 		.word	.LC3
 838 0124 94000000 		.word	.LC15
 839              		.cfi_endproc
 840              	.LFE235:
 842              		.section	.rodata.build_screen_menu.str1.4,"aMS",%progbits,1
 843              		.align	2
 844              	.LC16:
 845 0000 3D3D3D20 		.ascii	"=== MENU ===\000"
 845      4D454E55 
 845      203D3D3D 
 845      00
 846 000d 000000   		.align	2
 847              	.LC17:
 848 0010 00       		.ascii	"\000"
 849 0011 000000   		.align	2
 850              	.LC18:
 851 0014 25632573 		.ascii	"%c%s\000"
ARM GAS  /tmp/ccUzjlCM.s 			page 21


 851      00
 852              		.section	.text.build_screen_menu,"ax",%progbits
 853              		.align	1
 854              		.syntax unified
 855              		.thumb
 856              		.thumb_func
 858              	build_screen_menu:
 859              	.LFB236:
 219:Core/Src/display.c **** 
 220:Core/Src/display.c **** #define MENU_ITEMS 5
 221:Core/Src/display.c **** static const char *MENU_LABELS[MENU_ITEMS] = {
 222:Core/Src/display.c ****     "1.Auto force",
 223:Core/Src/display.c ****     "2.Presets",
 224:Core/Src/display.c ****     "3.Calibration",
 225:Core/Src/display.c ****     "4.Settings",
 226:Core/Src/display.c ****     "5.Manual + zero"
 227:Core/Src/display.c **** };
 228:Core/Src/display.c **** 
 229:Core/Src/display.c **** static void build_screen_menu(void)
 230:Core/Src/display.c **** {
 860              		.loc 1 230 1 view -0
 861              		.cfi_startproc
 862              		@ args = 0, pretend = 0, frame = 24
 863              		@ frame_needed = 0, uses_anonymous_args = 0
 864 0000 30B5     		push	{r4, r5, lr}
 865              	.LCFI21:
 866              		.cfi_def_cfa_offset 12
 867              		.cfi_offset 4, -12
 868              		.cfi_offset 5, -8
 869              		.cfi_offset 14, -4
 870 0002 89B0     		sub	sp, sp, #36
 871              	.LCFI22:
 872              		.cfi_def_cfa_offset 48
 231:Core/Src/display.c ****     make_line_padded(s_new_buf[0], "=== MENU ===");
 873              		.loc 1 231 5 view .LVU151
 874 0004 1D49     		ldr	r1, .L72
 875 0006 1E48     		ldr	r0, .L72+4
 876 0008 FFF7FEFF 		bl	make_line_padded
 877              	.LVL83:
 232:Core/Src/display.c **** 
 233:Core/Src/display.c ****     for (int i = 0; i < 3; i++) {
 878              		.loc 1 233 5 view .LVU152
 879              	.LBB3:
 880              		.loc 1 233 10 view .LVU153
 881              		.loc 1 233 14 is_stmt 0 view .LVU154
 882 000c 0024     		movs	r4, #0
 883              		.loc 1 233 5 view .LVU155
 884 000e 22E0     		b	.L59
 885              	.LVL84:
 886              	.L69:
 887              	.LBB4:
 234:Core/Src/display.c ****         uint8_t item = (s_menu_item <= 1) ? (uint8_t)i : (uint8_t)(s_menu_item - 1 + i);
 888              		.loc 1 234 17 discriminator 1 view .LVU156
 889 0010 E2B2     		uxtb	r2, r4
 890 0012 2AE0     		b	.L61
 891              	.LVL85:
 892              	.L70:
ARM GAS  /tmp/ccUzjlCM.s 			page 22


 235:Core/Src/display.c ****         if (item >= MENU_ITEMS) {
 236:Core/Src/display.c ****             make_line_padded(s_new_buf[i + 1], "");
 893              		.loc 1 236 13 is_stmt 1 view .LVU157
 894              		.loc 1 236 42 is_stmt 0 view .LVU158
 895 0014 601C     		adds	r0, r4, #1
 896              		.loc 1 236 39 view .LVU159
 897 0016 00EB4000 		add	r0, r0, r0, lsl #1
 898 001a C0EBC000 		rsb	r0, r0, r0, lsl #3
 899              		.loc 1 236 13 view .LVU160
 900 001e 1949     		ldr	r1, .L72+8
 901 0020 174B     		ldr	r3, .L72+4
 902 0022 1844     		add	r0, r0, r3
 903 0024 FFF7FEFF 		bl	make_line_padded
 904              	.LVL86:
 905              		.loc 1 236 13 view .LVU161
 906 0028 14E0     		b	.L63
 907              	.LVL87:
 908              	.L71:
 909              	.LBB5:
 237:Core/Src/display.c ****         } else {
 238:Core/Src/display.c ****             char tmp[LCD_COLS + 1];
 239:Core/Src/display.c ****             snprintf(tmp, sizeof(tmp), "%c%s",
 910              		.loc 1 239 13 discriminator 1 view .LVU162
 911 002a 3E23     		movs	r3, #62
 912              	.L64:
 913              		.loc 1 239 13 discriminator 4 view .LVU163
 914 002c 02AD     		add	r5, sp, #8
 915 002e 1649     		ldr	r1, .L72+12
 916 0030 51F82220 		ldr	r2, [r1, r2, lsl #2]
 917              	.LVL88:
 918              		.loc 1 239 13 discriminator 4 view .LVU164
 919 0034 0092     		str	r2, [sp]
 920 0036 154A     		ldr	r2, .L72+16
 921 0038 1521     		movs	r1, #21
 922 003a 2846     		mov	r0, r5
 923 003c FFF7FEFF 		bl	snprintf
 924              	.LVL89:
 240:Core/Src/display.c ****                      (item == s_menu_item) ? '>' : ' ',
 241:Core/Src/display.c ****                      MENU_LABELS[item]);
 242:Core/Src/display.c ****             make_line_padded(s_new_buf[i + 1], tmp);
 925              		.loc 1 242 13 is_stmt 1 view .LVU165
 926              		.loc 1 242 42 is_stmt 0 view .LVU166
 927 0040 601C     		adds	r0, r4, #1
 928              		.loc 1 242 39 view .LVU167
 929 0042 00EB4000 		add	r0, r0, r0, lsl #1
 930 0046 C0EBC000 		rsb	r0, r0, r0, lsl #3
 931              		.loc 1 242 13 view .LVU168
 932 004a 2946     		mov	r1, r5
 933 004c 0C4B     		ldr	r3, .L72+4
 934 004e 1844     		add	r0, r0, r3
 935 0050 FFF7FEFF 		bl	make_line_padded
 936              	.LVL90:
 937              	.L63:
 938              		.loc 1 242 13 view .LVU169
 939              	.LBE5:
 940              	.LBE4:
 233:Core/Src/display.c ****         uint8_t item = (s_menu_item <= 1) ? (uint8_t)i : (uint8_t)(s_menu_item - 1 + i);
ARM GAS  /tmp/ccUzjlCM.s 			page 23


 941              		.loc 1 233 29 is_stmt 1 discriminator 2 view .LVU170
 942 0054 0134     		adds	r4, r4, #1
 943              	.LVL91:
 944              	.L59:
 233:Core/Src/display.c ****         uint8_t item = (s_menu_item <= 1) ? (uint8_t)i : (uint8_t)(s_menu_item - 1 + i);
 945              		.loc 1 233 23 discriminator 1 view .LVU171
 946 0056 022C     		cmp	r4, #2
 947 0058 0DDC     		bgt	.L68
 948              	.LBB7:
 234:Core/Src/display.c ****         if (item >= MENU_ITEMS) {
 949              		.loc 1 234 9 view .LVU172
 234:Core/Src/display.c ****         if (item >= MENU_ITEMS) {
 950              		.loc 1 234 37 is_stmt 0 view .LVU173
 951 005a 0D4B     		ldr	r3, .L72+20
 952 005c 1B78     		ldrb	r3, [r3]	@ zero_extendqisi2
 234:Core/Src/display.c ****         if (item >= MENU_ITEMS) {
 953              		.loc 1 234 17 view .LVU174
 954 005e 012B     		cmp	r3, #1
 955 0060 D6D9     		bls	.L69
 234:Core/Src/display.c ****         if (item >= MENU_ITEMS) {
 956              		.loc 1 234 84 discriminator 2 view .LVU175
 957 0062 1A19     		adds	r2, r3, r4
 958 0064 D2B2     		uxtb	r2, r2
 234:Core/Src/display.c ****         if (item >= MENU_ITEMS) {
 959              		.loc 1 234 17 discriminator 2 view .LVU176
 960 0066 013A     		subs	r2, r2, #1
 961 0068 D2B2     		uxtb	r2, r2
 962              	.L61:
 963              	.LVL92:
 235:Core/Src/display.c ****             make_line_padded(s_new_buf[i + 1], "");
 964              		.loc 1 235 9 is_stmt 1 view .LVU177
 235:Core/Src/display.c ****             make_line_padded(s_new_buf[i + 1], "");
 965              		.loc 1 235 12 is_stmt 0 view .LVU178
 966 006a 042A     		cmp	r2, #4
 967 006c D2D8     		bhi	.L70
 968              	.LBB6:
 238:Core/Src/display.c ****             snprintf(tmp, sizeof(tmp), "%c%s",
 969              		.loc 1 238 13 is_stmt 1 view .LVU179
 239:Core/Src/display.c ****                      (item == s_menu_item) ? '>' : ' ',
 970              		.loc 1 239 13 view .LVU180
 971 006e 9342     		cmp	r3, r2
 972 0070 DBD0     		beq	.L71
 239:Core/Src/display.c ****                      (item == s_menu_item) ? '>' : ' ',
 973              		.loc 1 239 13 is_stmt 0 discriminator 2 view .LVU181
 974 0072 2023     		movs	r3, #32
 975 0074 DAE7     		b	.L64
 976              	.LVL93:
 977              	.L68:
 239:Core/Src/display.c ****                      (item == s_menu_item) ? '>' : ' ',
 978              		.loc 1 239 13 discriminator 2 view .LVU182
 979              	.LBE6:
 980              	.LBE7:
 981              	.LBE3:
 243:Core/Src/display.c ****         }
 244:Core/Src/display.c ****     }
 245:Core/Src/display.c **** }
 982              		.loc 1 245 1 view .LVU183
ARM GAS  /tmp/ccUzjlCM.s 			page 24


 983 0076 09B0     		add	sp, sp, #36
 984              	.LCFI23:
 985              		.cfi_def_cfa_offset 12
 986              		@ sp needed
 987 0078 30BD     		pop	{r4, r5, pc}
 988              	.LVL94:
 989              	.L73:
 990              		.loc 1 245 1 view .LVU184
 991 007a 00BF     		.align	2
 992              	.L72:
 993 007c 00000000 		.word	.LC16
 994 0080 00000000 		.word	s_new_buf
 995 0084 10000000 		.word	.LC17
 996 0088 00000000 		.word	MENU_LABELS
 997 008c 14000000 		.word	.LC18
 998 0090 00000000 		.word	s_menu_item
 999              		.cfi_endproc
 1000              	.LFE236:
 1002              		.section	.rodata.build_screen_preset.str1.4,"aMS",%progbits,1
 1003              		.align	2
 1004              	.LC19:
 1005 0000 3D3D3D20 		.ascii	"=== PRESET ===\000"
 1005      50524553 
 1005      4554203D 
 1005      3D3D00
 1006 000f 00       		.align	2
 1007              	.LC20:
 1008 0010 2563252D 		.ascii	"%c%-3s %-8s%s\000"
 1008      33732025 
 1008      2D387325 
 1008      7300
 1009              		.section	.text.build_screen_preset,"ax",%progbits
 1010              		.align	1
 1011              		.syntax unified
 1012              		.thumb
 1013              		.thumb_func
 1015              	build_screen_preset:
 1016              	.LFB237:
 246:Core/Src/display.c **** 
 247:Core/Src/display.c **** static void build_screen_preset(void)
 248:Core/Src/display.c **** {
 1017              		.loc 1 248 1 is_stmt 1 view -0
 1018              		.cfi_startproc
 1019              		@ args = 0, pretend = 0, frame = 32
 1020              		@ frame_needed = 0, uses_anonymous_args = 0
 1021 0000 70B5     		push	{r4, r5, r6, lr}
 1022              	.LCFI24:
 1023              		.cfi_def_cfa_offset 16
 1024              		.cfi_offset 4, -16
 1025              		.cfi_offset 5, -12
 1026              		.cfi_offset 6, -8
 1027              		.cfi_offset 14, -4
 1028 0002 8CB0     		sub	sp, sp, #48
 1029              	.LCFI25:
 1030              		.cfi_def_cfa_offset 64
 249:Core/Src/display.c ****     make_line_padded(s_new_buf[0], "=== PRESET ===");
 1031              		.loc 1 249 5 view .LVU186
ARM GAS  /tmp/ccUzjlCM.s 			page 25


 1032 0004 2849     		ldr	r1, .L88
 1033 0006 2948     		ldr	r0, .L88+4
 1034 0008 FFF7FEFF 		bl	make_line_padded
 1035              	.LVL95:
 250:Core/Src/display.c **** 
 251:Core/Src/display.c ****     // Вікно прокрутки: показуємо 3 пункти, обраний завжд�
 252:Core/Src/display.c ****     uint8_t start = 0;
 1036              		.loc 1 252 5 view .LVU187
 253:Core/Src/display.c ****     if (s_preset_item > 1) {
 1037              		.loc 1 253 5 view .LVU188
 1038              		.loc 1 253 23 is_stmt 0 view .LVU189
 1039 000c 284B     		ldr	r3, .L88+8
 1040 000e 1E78     		ldrb	r6, [r3]	@ zero_extendqisi2
 1041              		.loc 1 253 8 view .LVU190
 1042 0010 012E     		cmp	r6, #1
 1043 0012 05D9     		bls	.L81
 254:Core/Src/display.c ****         start = s_preset_item - 1;
 1044              		.loc 1 254 9 is_stmt 1 view .LVU191
 1045              		.loc 1 254 15 is_stmt 0 view .LVU192
 1046 0014 013E     		subs	r6, r6, #1
 1047 0016 F6B2     		uxtb	r6, r6
 1048              	.LVL96:
 255:Core/Src/display.c ****         if (start + 3 > PRESET_COUNT) {
 1049              		.loc 1 255 9 is_stmt 1 view .LVU193
 1050              		.loc 1 255 12 is_stmt 0 view .LVU194
 1051 0018 022E     		cmp	r6, #2
 1052 001a 02D9     		bls	.L75
 256:Core/Src/display.c ****             start = (PRESET_COUNT > 3) ? (PRESET_COUNT - 3) : 0;
 1053              		.loc 1 256 19 view .LVU195
 1054 001c 0226     		movs	r6, #2
 1055              	.LVL97:
 1056              		.loc 1 256 19 view .LVU196
 1057 001e 00E0     		b	.L75
 1058              	.LVL98:
 1059              	.L81:
 252:Core/Src/display.c ****     if (s_preset_item > 1) {
 1060              		.loc 1 252 13 view .LVU197
 1061 0020 0026     		movs	r6, #0
 1062              	.LVL99:
 1063              	.L75:
 257:Core/Src/display.c ****         }
 258:Core/Src/display.c ****     }
 259:Core/Src/display.c **** 
 260:Core/Src/display.c ****     for (int i = 0; i < 3; i++) {
 1064              		.loc 1 260 5 is_stmt 1 view .LVU198
 1065              	.LBB8:
 1066              		.loc 1 260 10 view .LVU199
 1067              		.loc 1 260 14 is_stmt 0 view .LVU200
 1068 0022 0025     		movs	r5, #0
 1069              		.loc 1 260 5 view .LVU201
 1070 0024 26E0     		b	.L76
 1071              	.LVL100:
 1072              	.L86:
 1073              	.LBB9:
 261:Core/Src/display.c ****         uint8_t idx = start + (uint8_t)i;
 262:Core/Src/display.c ****         if (idx >= PRESET_COUNT) {
 263:Core/Src/display.c ****             make_line_padded(s_new_buf[i + 1], "");
ARM GAS  /tmp/ccUzjlCM.s 			page 26


 1074              		.loc 1 263 13 is_stmt 1 view .LVU202
 1075              		.loc 1 263 42 is_stmt 0 view .LVU203
 1076 0026 681C     		adds	r0, r5, #1
 1077              		.loc 1 263 39 view .LVU204
 1078 0028 00EB4000 		add	r0, r0, r0, lsl #1
 1079 002c C0EBC000 		rsb	r0, r0, r0, lsl #3
 1080              		.loc 1 263 13 view .LVU205
 1081 0030 2049     		ldr	r1, .L88+12
 1082 0032 1E4B     		ldr	r3, .L88+4
 1083 0034 1844     		add	r0, r0, r3
 1084 0036 FFF7FEFF 		bl	make_line_padded
 1085              	.LVL101:
 264:Core/Src/display.c ****             continue;
 1086              		.loc 1 264 13 is_stmt 1 view .LVU206
 1087 003a 1AE0     		b	.L78
 1088              	.LVL102:
 1089              	.L87:
 265:Core/Src/display.c ****         }
 266:Core/Src/display.c ****         const Preset_t *p = &g_presets[idx];
 267:Core/Src/display.c ****         char rng[8];
 268:Core/Src/display.c ****         format_range_kN(rng, p->force_min_kN, p->force_max_kN);
 269:Core/Src/display.c ****         char tmp[LCD_COLS + 1];
 270:Core/Src/display.c ****         // ">[300] [Nozzle  ][8.5-9.0]"  = 1+3+1+8+7 = 20 chars
 271:Core/Src/display.c ****         snprintf(tmp, sizeof(tmp), "%c%-3s %-8s%s",
 1090              		.loc 1 271 9 is_stmt 0 discriminator 1 view .LVU207
 1091 003c 3E23     		movs	r3, #62
 1092              	.L79:
 272:Core/Src/display.c ****                  (idx == s_preset_item) ? '>' : ' ',
 273:Core/Src/display.c ****                  p->inj_name, p->op_name, rng);
 1093              		.loc 1 273 19 view .LVU208
 1094 003e 1E4A     		ldr	r2, .L88+16
 1095 0040 2101     		lsls	r1, r4, #4
 1096 0042 02EB0414 		add	r4, r2, r4, lsl #4
 1097              	.LVL103:
 1098              		.loc 1 273 19 view .LVU209
 1099 0046 5258     		ldr	r2, [r2, r1]
 1100              		.loc 1 273 32 view .LVU210
 1101 0048 6168     		ldr	r1, [r4, #4]
 271:Core/Src/display.c ****                  (idx == s_preset_item) ? '>' : ' ',
 1102              		.loc 1 271 9 view .LVU211
 1103 004a 06AC     		add	r4, sp, #24
 1104 004c 04A8     		add	r0, sp, #16
 1105 004e 0290     		str	r0, [sp, #8]
 1106 0050 0191     		str	r1, [sp, #4]
 1107 0052 0092     		str	r2, [sp]
 1108 0054 194A     		ldr	r2, .L88+20
 1109 0056 1521     		movs	r1, #21
 1110 0058 2046     		mov	r0, r4
 1111 005a FFF7FEFF 		bl	snprintf
 1112              	.LVL104:
 274:Core/Src/display.c ****         make_line_padded(s_new_buf[i + 1], tmp);
 1113              		.loc 1 274 9 is_stmt 1 view .LVU212
 1114              		.loc 1 274 38 is_stmt 0 view .LVU213
 1115 005e 681C     		adds	r0, r5, #1
 1116              		.loc 1 274 35 view .LVU214
 1117 0060 00EB4000 		add	r0, r0, r0, lsl #1
 1118 0064 C0EBC000 		rsb	r0, r0, r0, lsl #3
ARM GAS  /tmp/ccUzjlCM.s 			page 27


 1119              		.loc 1 274 9 view .LVU215
 1120 0068 2146     		mov	r1, r4
 1121 006a 104B     		ldr	r3, .L88+4
 1122 006c 1844     		add	r0, r0, r3
 1123 006e FFF7FEFF 		bl	make_line_padded
 1124              	.LVL105:
 1125              	.L78:
 1126              		.loc 1 274 9 view .LVU216
 1127              	.LBE9:
 260:Core/Src/display.c ****         uint8_t idx = start + (uint8_t)i;
 1128              		.loc 1 260 29 is_stmt 1 discriminator 2 view .LVU217
 1129 0072 0135     		adds	r5, r5, #1
 1130              	.LVL106:
 1131              	.L76:
 260:Core/Src/display.c ****         uint8_t idx = start + (uint8_t)i;
 1132              		.loc 1 260 23 discriminator 1 view .LVU218
 1133 0074 022D     		cmp	r5, #2
 1134 0076 14DC     		bgt	.L85
 1135              	.LBB10:
 261:Core/Src/display.c ****         if (idx >= PRESET_COUNT) {
 1136              		.loc 1 261 9 view .LVU219
 261:Core/Src/display.c ****         if (idx >= PRESET_COUNT) {
 1137              		.loc 1 261 17 is_stmt 0 view .LVU220
 1138 0078 56FA85F4 		uxtab	r4, r6, r5
 1139 007c E4B2     		uxtb	r4, r4
 1140              	.LVL107:
 262:Core/Src/display.c ****             make_line_padded(s_new_buf[i + 1], "");
 1141              		.loc 1 262 9 is_stmt 1 view .LVU221
 262:Core/Src/display.c ****             make_line_padded(s_new_buf[i + 1], "");
 1142              		.loc 1 262 12 is_stmt 0 view .LVU222
 1143 007e 042C     		cmp	r4, #4
 1144 0080 D1D8     		bhi	.L86
 266:Core/Src/display.c ****         char rng[8];
 1145              		.loc 1 266 9 is_stmt 1 view .LVU223
 1146              	.LVL108:
 267:Core/Src/display.c ****         format_range_kN(rng, p->force_min_kN, p->force_max_kN);
 1147              		.loc 1 267 9 view .LVU224
 268:Core/Src/display.c ****         char tmp[LCD_COLS + 1];
 1148              		.loc 1 268 9 view .LVU225
 268:Core/Src/display.c ****         char tmp[LCD_COLS + 1];
 1149              		.loc 1 268 31 is_stmt 0 view .LVU226
 1150 0082 0D4B     		ldr	r3, .L88+16
 1151 0084 03EB0413 		add	r3, r3, r4, lsl #4
 1152              	.LVL109:
 268:Core/Src/display.c ****         char tmp[LCD_COLS + 1];
 1153              		.loc 1 268 9 view .LVU227
 1154 0088 D3ED030A 		vldr.32	s1, [r3, #12]
 1155 008c 93ED020A 		vldr.32	s0, [r3, #8]
 1156 0090 04A8     		add	r0, sp, #16
 1157 0092 FFF7FEFF 		bl	format_range_kN
 1158              	.LVL110:
 269:Core/Src/display.c ****         // ">[300] [Nozzle  ][8.5-9.0]"  = 1+3+1+8+7 = 20 chars
 1159              		.loc 1 269 9 is_stmt 1 view .LVU228
 271:Core/Src/display.c ****                  (idx == s_preset_item) ? '>' : ' ',
 1160              		.loc 1 271 9 view .LVU229
 272:Core/Src/display.c ****                  p->inj_name, p->op_name, rng);
 1161              		.loc 1 272 23 is_stmt 0 view .LVU230
ARM GAS  /tmp/ccUzjlCM.s 			page 28


 1162 0096 064B     		ldr	r3, .L88+8
 1163 0098 1B78     		ldrb	r3, [r3]	@ zero_extendqisi2
 271:Core/Src/display.c ****                  (idx == s_preset_item) ? '>' : ' ',
 1164              		.loc 1 271 9 view .LVU231
 1165 009a A342     		cmp	r3, r4
 1166 009c CED0     		beq	.L87
 271:Core/Src/display.c ****                  (idx == s_preset_item) ? '>' : ' ',
 1167              		.loc 1 271 9 discriminator 2 view .LVU232
 1168 009e 2023     		movs	r3, #32
 1169 00a0 CDE7     		b	.L79
 1170              	.LVL111:
 1171              	.L85:
 271:Core/Src/display.c ****                  (idx == s_preset_item) ? '>' : ' ',
 1172              		.loc 1 271 9 discriminator 2 view .LVU233
 1173              	.LBE10:
 1174              	.LBE8:
 275:Core/Src/display.c ****     }
 276:Core/Src/display.c **** }
 1175              		.loc 1 276 1 view .LVU234
 1176 00a2 0CB0     		add	sp, sp, #48
 1177              	.LCFI26:
 1178              		.cfi_def_cfa_offset 16
 1179              		@ sp needed
 1180 00a4 70BD     		pop	{r4, r5, r6, pc}
 1181              	.LVL112:
 1182              	.L89:
 1183              		.loc 1 276 1 view .LVU235
 1184 00a6 00BF     		.align	2
 1185              	.L88:
 1186 00a8 00000000 		.word	.LC19
 1187 00ac 00000000 		.word	s_new_buf
 1188 00b0 00000000 		.word	s_preset_item
 1189 00b4 10000000 		.word	.LC17
 1190 00b8 00000000 		.word	g_presets
 1191 00bc 10000000 		.word	.LC20
 1192              		.cfi_endproc
 1193              	.LFE237:
 1195              		.section	.text.build_screen_calib,"ax",%progbits
 1196              		.align	1
 1197              		.syntax unified
 1198              		.thumb
 1199              		.thumb_func
 1201              	build_screen_calib:
 1202              	.LFB238:
 277:Core/Src/display.c **** 
 278:Core/Src/display.c **** static void build_screen_calib(void)
 279:Core/Src/display.c **** {
 1203              		.loc 1 279 1 is_stmt 1 view -0
 1204              		.cfi_startproc
 1205              		@ args = 0, pretend = 0, frame = 0
 1206              		@ frame_needed = 0, uses_anonymous_args = 0
 1207 0000 10B5     		push	{r4, lr}
 1208              	.LCFI27:
 1209              		.cfi_def_cfa_offset 8
 1210              		.cfi_offset 4, -8
 1211              		.cfi_offset 14, -4
 280:Core/Src/display.c ****     for (int i = 0; i < LCD_ROWS; i++) {
ARM GAS  /tmp/ccUzjlCM.s 			page 29


 1212              		.loc 1 280 5 view .LVU237
 1213              	.LBB11:
 1214              		.loc 1 280 10 view .LVU238
 1215              	.LVL113:
 1216              		.loc 1 280 14 is_stmt 0 view .LVU239
 1217 0002 0024     		movs	r4, #0
 1218              		.loc 1 280 5 view .LVU240
 1219 0004 0AE0     		b	.L91
 1220              	.LVL114:
 1221              	.L92:
 281:Core/Src/display.c ****         make_line_padded(s_new_buf[i], s_calib_lines[i]);
 1222              		.loc 1 281 9 is_stmt 1 view .LVU241
 1223              		.loc 1 281 35 is_stmt 0 view .LVU242
 1224 0006 04EB4400 		add	r0, r4, r4, lsl #1
 1225 000a C0EBC000 		rsb	r0, r0, r0, lsl #3
 1226              		.loc 1 281 9 view .LVU243
 1227 000e 0549     		ldr	r1, .L94
 1228 0010 0144     		add	r1, r1, r0
 1229 0012 054B     		ldr	r3, .L94+4
 1230 0014 1844     		add	r0, r0, r3
 1231 0016 FFF7FEFF 		bl	make_line_padded
 1232              	.LVL115:
 280:Core/Src/display.c ****     for (int i = 0; i < LCD_ROWS; i++) {
 1233              		.loc 1 280 36 is_stmt 1 discriminator 3 view .LVU244
 1234 001a 0134     		adds	r4, r4, #1
 1235              	.LVL116:
 1236              	.L91:
 280:Core/Src/display.c ****     for (int i = 0; i < LCD_ROWS; i++) {
 1237              		.loc 1 280 23 discriminator 1 view .LVU245
 1238 001c 032C     		cmp	r4, #3
 1239 001e F2DD     		ble	.L92
 1240              	.LBE11:
 282:Core/Src/display.c ****     }
 283:Core/Src/display.c **** }
 1241              		.loc 1 283 1 is_stmt 0 view .LVU246
 1242 0020 10BD     		pop	{r4, pc}
 1243              	.LVL117:
 1244              	.L95:
 1245              		.loc 1 283 1 view .LVU247
 1246 0022 00BF     		.align	2
 1247              	.L94:
 1248 0024 00000000 		.word	s_calib_lines
 1249 0028 00000000 		.word	s_new_buf
 1250              		.cfi_endproc
 1251              	.LFE238:
 1253              		.section	.rodata.build_screen_settings.str1.4,"aMS",%progbits,1
 1254              		.align	2
 1255              	.LC21:
 1256 0000 3D3D3D20 		.ascii	"=== SETTINGS ===\000"
 1256      53455454 
 1256      494E4753 
 1256      203D3D3D 
 1256      00
 1257 0011 000000   		.align	2
 1258              	.LC22:
 1259 0014 416E676C 		.ascii	"Angle target:%6.1f\000"
 1259      65207461 
ARM GAS  /tmp/ccUzjlCM.s 			page 30


 1259      72676574 
 1259      3A25362E 
 1259      316600
 1260 0027 00       		.align	2
 1261              	.LC23:
 1262 0028 454E433D 		.ascii	"ENC=change  BTN=OK\000"
 1262      6368616E 
 1262      67652020 
 1262      42544E3D 
 1262      4F4B00
 1263              		.section	.text.build_screen_settings,"ax",%progbits
 1264              		.align	1
 1265              		.syntax unified
 1266              		.thumb
 1267              		.thumb_func
 1269              	build_screen_settings:
 1270              	.LFB239:
 284:Core/Src/display.c **** 
 285:Core/Src/display.c **** static void build_screen_settings(void)
 286:Core/Src/display.c **** {
 1271              		.loc 1 286 1 is_stmt 1 view -0
 1272              		.cfi_startproc
 1273              		@ args = 0, pretend = 0, frame = 24
 1274              		@ frame_needed = 0, uses_anonymous_args = 0
 1275 0000 30B5     		push	{r4, r5, lr}
 1276              	.LCFI28:
 1277              		.cfi_def_cfa_offset 12
 1278              		.cfi_offset 4, -12
 1279              		.cfi_offset 5, -8
 1280              		.cfi_offset 14, -4
 1281 0002 89B0     		sub	sp, sp, #36
 1282              	.LCFI29:
 1283              		.cfi_def_cfa_offset 48
 287:Core/Src/display.c ****     char tmp[LCD_COLS + 1];
 1284              		.loc 1 287 5 view .LVU249
 288:Core/Src/display.c ****     make_line_padded(s_new_buf[0], "=== SETTINGS ===");
 1285              		.loc 1 288 5 view .LVU250
 1286 0004 104C     		ldr	r4, .L98
 1287 0006 1149     		ldr	r1, .L98+4
 1288 0008 2046     		mov	r0, r4
 1289 000a FFF7FEFF 		bl	make_line_padded
 1290              	.LVL118:
 289:Core/Src/display.c ****     snprintf(tmp, sizeof(tmp), "Angle target:%6.1f", (double)s_settings_angle);
 1291              		.loc 1 289 5 view .LVU251
 1292 000e 02AD     		add	r5, sp, #8
 1293 0010 0F4B     		ldr	r3, .L98+8
 1294 0012 1868     		ldr	r0, [r3]	@ float
 1295 0014 FFF7FEFF 		bl	__aeabi_f2d
 1296              	.LVL119:
 1297 0018 CDE90001 		strd	r0, [sp]
 1298 001c 0D4A     		ldr	r2, .L98+12
 1299 001e 1521     		movs	r1, #21
 1300 0020 2846     		mov	r0, r5
 1301 0022 FFF7FEFF 		bl	snprintf
 1302              	.LVL120:
 290:Core/Src/display.c ****     make_line_padded(s_new_buf[1], tmp);
 1303              		.loc 1 290 5 view .LVU252
ARM GAS  /tmp/ccUzjlCM.s 			page 31


 1304 0026 2946     		mov	r1, r5
 1305 0028 04F11500 		add	r0, r4, #21
 1306 002c FFF7FEFF 		bl	make_line_padded
 1307              	.LVL121:
 291:Core/Src/display.c ****     make_line_padded(s_new_buf[2], "ENC=change  BTN=OK");
 1308              		.loc 1 291 5 view .LVU253
 1309 0030 0949     		ldr	r1, .L98+16
 1310 0032 04F12A00 		add	r0, r4, #42
 1311 0036 FFF7FEFF 		bl	make_line_padded
 1312              	.LVL122:
 292:Core/Src/display.c ****     make_line_padded(s_new_buf[3], "");
 1313              		.loc 1 292 5 view .LVU254
 1314 003a 0849     		ldr	r1, .L98+20
 1315 003c 04F13F00 		add	r0, r4, #63
 1316 0040 FFF7FEFF 		bl	make_line_padded
 1317              	.LVL123:
 293:Core/Src/display.c **** }
 1318              		.loc 1 293 1 is_stmt 0 view .LVU255
 1319 0044 09B0     		add	sp, sp, #36
 1320              	.LCFI30:
 1321              		.cfi_def_cfa_offset 12
 1322              		@ sp needed
 1323 0046 30BD     		pop	{r4, r5, pc}
 1324              	.L99:
 1325              		.align	2
 1326              	.L98:
 1327 0048 00000000 		.word	s_new_buf
 1328 004c 00000000 		.word	.LC21
 1329 0050 00000000 		.word	s_settings_angle
 1330 0054 14000000 		.word	.LC22
 1331 0058 28000000 		.word	.LC23
 1332 005c 10000000 		.word	.LC17
 1333              		.cfi_endproc
 1334              	.LFE239:
 1336              		.section	.rodata.build_screen_error.str1.4,"aMS",%progbits,1
 1337              		.align	2
 1338              	.LC24:
 1339 0000 21212120 		.ascii	"!!! ERROR !!!\000"
 1339      4552524F 
 1339      52202121 
 1339      2100
 1340 000e 0000     		.align	2
 1341              	.LC25:
 1342 0010 50726573 		.ascii	"Press STOP to reset\000"
 1342      73205354 
 1342      4F502074 
 1342      6F207265 
 1342      73657400 
 1343              		.section	.text.build_screen_error,"ax",%progbits
 1344              		.align	1
 1345              		.syntax unified
 1346              		.thumb
 1347              		.thumb_func
 1349              	build_screen_error:
 1350              	.LFB240:
 294:Core/Src/display.c **** 
 295:Core/Src/display.c **** static void build_screen_error(void)
ARM GAS  /tmp/ccUzjlCM.s 			page 32


 296:Core/Src/display.c **** {
 1351              		.loc 1 296 1 is_stmt 1 view -0
 1352              		.cfi_startproc
 1353              		@ args = 0, pretend = 0, frame = 0
 1354              		@ frame_needed = 0, uses_anonymous_args = 0
 1355 0000 10B5     		push	{r4, lr}
 1356              	.LCFI31:
 1357              		.cfi_def_cfa_offset 8
 1358              		.cfi_offset 4, -8
 1359              		.cfi_offset 14, -4
 297:Core/Src/display.c ****     make_line_padded(s_new_buf[0], "!!! ERROR !!!");
 1360              		.loc 1 297 5 view .LVU257
 1361 0002 0A4C     		ldr	r4, .L102
 1362 0004 0A49     		ldr	r1, .L102+4
 1363 0006 2046     		mov	r0, r4
 1364 0008 FFF7FEFF 		bl	make_line_padded
 1365              	.LVL124:
 298:Core/Src/display.c ****     make_line_padded(s_new_buf[1], s_error_msg);
 1366              		.loc 1 298 5 view .LVU258
 1367 000c 0949     		ldr	r1, .L102+8
 1368 000e 04F11500 		add	r0, r4, #21
 1369 0012 FFF7FEFF 		bl	make_line_padded
 1370              	.LVL125:
 299:Core/Src/display.c ****     make_line_padded(s_new_buf[2], "");
 1371              		.loc 1 299 5 view .LVU259
 1372 0016 0849     		ldr	r1, .L102+12
 1373 0018 04F12A00 		add	r0, r4, #42
 1374 001c FFF7FEFF 		bl	make_line_padded
 1375              	.LVL126:
 300:Core/Src/display.c ****     make_line_padded(s_new_buf[3], "Press STOP to reset");
 1376              		.loc 1 300 5 view .LVU260
 1377 0020 0649     		ldr	r1, .L102+16
 1378 0022 04F13F00 		add	r0, r4, #63
 1379 0026 FFF7FEFF 		bl	make_line_padded
 1380              	.LVL127:
 301:Core/Src/display.c **** }
 1381              		.loc 1 301 1 is_stmt 0 view .LVU261
 1382 002a 10BD     		pop	{r4, pc}
 1383              	.L103:
 1384              		.align	2
 1385              	.L102:
 1386 002c 00000000 		.word	s_new_buf
 1387 0030 00000000 		.word	.LC24
 1388 0034 00000000 		.word	s_error_msg
 1389 0038 10000000 		.word	.LC17
 1390 003c 10000000 		.word	.LC25
 1391              		.cfi_endproc
 1392              	.LFE240:
 1394              		.section	.rodata.build_screen_main.str1.4,"aMS",%progbits,1
 1395              		.align	2
 1396              	.LC26:
 1397 0000 252D3373 		.ascii	"%-3s %-8s%s\000"
 1397      20252D38 
 1397      73257300 
 1398              		.align	2
 1399              	.LC27:
 1400 000c 5657204E 		.ascii	"VW NF PRESS\000"
ARM GAS  /tmp/ccUzjlCM.s 			page 33


 1400      46205052 
 1400      45535300 
 1401              		.align	2
 1402              	.LC28:
 1403 0018 463A2535 		.ascii	"F:%5.2f kN  T:%5.2f\000"
 1403      2E326620 
 1403      6B4E2020 
 1403      543A2535 
 1403      2E326600 
 1404              		.align	2
 1405              	.LC29:
 1406 002c 416E676C 		.ascii	"Angle: [  DONE!  ]  \000"
 1406      653A205B 
 1406      2020444F 
 1406      4E452120 
 1406      205D2020 
 1407 0041 000000   		.align	2
 1408              	.LC30:
 1409 0044 416E676C 		.ascii	"Angle:%6.1f /%6.1f\000"
 1409      653A2536 
 1409      2E316620 
 1409      2F25362E 
 1409      316600
 1410              		.section	.text.build_screen_main,"ax",%progbits
 1411              		.align	1
 1412              		.syntax unified
 1413              		.thumb
 1414              		.thumb_func
 1416              	build_screen_main:
 1417              	.LFB234:
 137:Core/Src/display.c ****     char tmp[LCD_COLS + 1];
 1418              		.loc 1 137 1 is_stmt 1 view -0
 1419              		.cfi_startproc
 1420              		@ args = 0, pretend = 0, frame = 32
 1421              		@ frame_needed = 0, uses_anonymous_args = 0
 1422 0000 F0B5     		push	{r4, r5, r6, r7, lr}
 1423              	.LCFI32:
 1424              		.cfi_def_cfa_offset 20
 1425              		.cfi_offset 4, -20
 1426              		.cfi_offset 5, -16
 1427              		.cfi_offset 6, -12
 1428              		.cfi_offset 7, -8
 1429              		.cfi_offset 14, -4
 1430 0002 8DB0     		sub	sp, sp, #52
 1431              	.LCFI33:
 1432              		.cfi_def_cfa_offset 72
 138:Core/Src/display.c ****     const char *mode = "IDLE";
 1433              		.loc 1 138 5 view .LVU263
 139:Core/Src/display.c **** 
 1434              		.loc 1 139 5 view .LVU264
 1435              	.LVL128:
 142:Core/Src/display.c ****         const Preset_t *p = &g_presets[s_active_preset];
 1436              		.loc 1 142 5 view .LVU265
 142:Core/Src/display.c ****         const Preset_t *p = &g_presets[s_active_preset];
 1437              		.loc 1 142 30 is_stmt 0 view .LVU266
 1438 0004 474B     		ldr	r3, .L122
 1439 0006 93F90030 		ldrsb	r3, [r3]
ARM GAS  /tmp/ccUzjlCM.s 			page 34


 1440 000a DAB2     		uxtb	r2, r3
 142:Core/Src/display.c ****         const Preset_t *p = &g_presets[s_active_preset];
 1441              		.loc 1 142 8 view .LVU267
 1442 000c 042A     		cmp	r2, #4
 1443 000e 5CD8     		bhi	.L105
 1444              	.LBB12:
 143:Core/Src/display.c ****         char rng[8];
 1445              		.loc 1 143 9 is_stmt 1 view .LVU268
 1446              	.LVL129:
 144:Core/Src/display.c ****         format_range_kN(rng, p->force_min_kN, p->force_max_kN);
 1447              		.loc 1 144 9 view .LVU269
 145:Core/Src/display.c ****         // "300 Nozzle  8.5-9.0"  = 3+1+8+7 = 19 chars → padded to 20
 1448              		.loc 1 145 9 view .LVU270
 145:Core/Src/display.c ****         // "300 Nozzle  8.5-9.0"  = 3+1+8+7 = 19 chars → padded to 20
 1449              		.loc 1 145 31 is_stmt 0 view .LVU271
 1450 0010 454D     		ldr	r5, .L122+4
 1451 0012 1F01     		lsls	r7, r3, #4
 1452 0014 05EB0314 		add	r4, r5, r3, lsl #4
 1453              	.LVL130:
 145:Core/Src/display.c ****         // "300 Nozzle  8.5-9.0"  = 3+1+8+7 = 19 chars → padded to 20
 1454              		.loc 1 145 9 view .LVU272
 1455 0018 04AE     		add	r6, sp, #16
 1456 001a D4ED030A 		vldr.32	s1, [r4, #12]
 1457 001e 94ED020A 		vldr.32	s0, [r4, #8]
 1458 0022 3046     		mov	r0, r6
 1459 0024 FFF7FEFF 		bl	format_range_kN
 1460              	.LVL131:
 147:Core/Src/display.c ****     } else {
 1461              		.loc 1 147 9 is_stmt 1 view .LVU273
 147:Core/Src/display.c ****     } else {
 1462              		.loc 1 147 65 is_stmt 0 view .LVU274
 1463 0028 6368     		ldr	r3, [r4, #4]
 147:Core/Src/display.c ****     } else {
 1464              		.loc 1 147 9 view .LVU275
 1465 002a 0196     		str	r6, [sp, #4]
 1466 002c 0093     		str	r3, [sp]
 1467 002e EB59     		ldr	r3, [r5, r7]
 1468 0030 3E4A     		ldr	r2, .L122+8
 1469 0032 1521     		movs	r1, #21
 1470 0034 06A8     		add	r0, sp, #24
 1471 0036 FFF7FEFF 		bl	snprintf
 1472              	.LVL132:
 1473              	.L106:
 147:Core/Src/display.c ****     } else {
 1474              		.loc 1 147 9 view .LVU276
 1475              	.LBE12:
 151:Core/Src/display.c **** 
 1476              		.loc 1 151 5 is_stmt 1 view .LVU277
 1477 003a 06AC     		add	r4, sp, #24
 1478 003c 3C4D     		ldr	r5, .L122+12
 1479 003e 2146     		mov	r1, r4
 1480 0040 2846     		mov	r0, r5
 1481 0042 FFF7FEFF 		bl	make_line_padded
 1482              	.LVL133:
 154:Core/Src/display.c ****              (double)s_force, (double)s_target);
 1483              		.loc 1 154 5 view .LVU278
 1484 0046 3B4B     		ldr	r3, .L122+16
ARM GAS  /tmp/ccUzjlCM.s 			page 35


 1485 0048 1868     		ldr	r0, [r3]	@ float
 1486 004a FFF7FEFF 		bl	__aeabi_f2d
 1487              	.LVL134:
 1488 004e CDE90201 		strd	r0, [sp, #8]
 1489 0052 394B     		ldr	r3, .L122+20
 1490 0054 1868     		ldr	r0, [r3]	@ float
 1491 0056 FFF7FEFF 		bl	__aeabi_f2d
 1492              	.LVL135:
 1493 005a CDE90001 		strd	r0, [sp]
 1494 005e 374A     		ldr	r2, .L122+24
 1495 0060 1521     		movs	r1, #21
 1496 0062 2046     		mov	r0, r4
 1497 0064 FFF7FEFF 		bl	snprintf
 1498              	.LVL136:
 156:Core/Src/display.c **** 
 1499              		.loc 1 156 5 view .LVU279
 1500 0068 2146     		mov	r1, r4
 1501 006a 05F11500 		add	r0, r5, #21
 1502 006e FFF7FEFF 		bl	make_line_padded
 1503              	.LVL137:
 159:Core/Src/display.c ****     if (s_angle_reached && (s_blink_tick & 0x03U)) {
 1504              		.loc 1 159 5 view .LVU280
 159:Core/Src/display.c ****     if (s_angle_reached && (s_blink_tick & 0x03U)) {
 1505              		.loc 1 159 17 is_stmt 0 view .LVU281
 1506 0072 334A     		ldr	r2, .L122+28
 1507 0074 1378     		ldrb	r3, [r2]	@ zero_extendqisi2
 1508 0076 0133     		adds	r3, r3, #1
 1509 0078 DBB2     		uxtb	r3, r3
 1510 007a 1370     		strb	r3, [r2]
 160:Core/Src/display.c ****         make_line_padded(s_new_buf[2], "Angle: [  DONE!  ]  ");
 1511              		.loc 1 160 5 is_stmt 1 view .LVU282
 160:Core/Src/display.c ****         make_line_padded(s_new_buf[2], "Angle: [  DONE!  ]  ");
 1512              		.loc 1 160 9 is_stmt 0 view .LVU283
 1513 007c 314A     		ldr	r2, .L122+32
 1514 007e 1278     		ldrb	r2, [r2]	@ zero_extendqisi2
 160:Core/Src/display.c ****         make_line_padded(s_new_buf[2], "Angle: [  DONE!  ]  ");
 1515              		.loc 1 160 8 view .LVU284
 1516 0080 12B1     		cbz	r2, .L107
 160:Core/Src/display.c ****         make_line_padded(s_new_buf[2], "Angle: [  DONE!  ]  ");
 1517              		.loc 1 160 25 discriminator 1 view .LVU285
 1518 0082 13F0030F 		tst	r3, #3
 1519 0086 26D1     		bne	.L121
 1520              	.L107:
 163:Core/Src/display.c ****                  (double)s_angle_current, (double)s_angle_target);
 1521              		.loc 1 163 9 is_stmt 1 view .LVU286
 1522 0088 06AC     		add	r4, sp, #24
 1523 008a 2F4B     		ldr	r3, .L122+36
 1524 008c 1868     		ldr	r0, [r3]	@ float
 1525 008e FFF7FEFF 		bl	__aeabi_f2d
 1526              	.LVL138:
 1527 0092 CDE90201 		strd	r0, [sp, #8]
 1528 0096 2D4B     		ldr	r3, .L122+40
 1529 0098 1868     		ldr	r0, [r3]	@ float
 1530 009a FFF7FEFF 		bl	__aeabi_f2d
 1531              	.LVL139:
 1532 009e CDE90001 		strd	r0, [sp]
 1533 00a2 2B4A     		ldr	r2, .L122+44
ARM GAS  /tmp/ccUzjlCM.s 			page 36


 1534 00a4 1521     		movs	r1, #21
 1535 00a6 2046     		mov	r0, r4
 1536 00a8 FFF7FEFF 		bl	snprintf
 1537              	.LVL140:
 165:Core/Src/display.c ****     }
 1538              		.loc 1 165 9 view .LVU287
 1539 00ac 2146     		mov	r1, r4
 1540 00ae 2948     		ldr	r0, .L122+48
 1541 00b0 FFF7FEFF 		bl	make_line_padded
 1542              	.LVL141:
 1543              	.L108:
 168:Core/Src/display.c ****         case DISPLAY_MODE_APPROACH: mode = "APPR"; break;
 1544              		.loc 1 168 5 view .LVU288
 1545 00b4 284B     		ldr	r3, .L122+52
 1546 00b6 1B78     		ldrb	r3, [r3]	@ zero_extendqisi2
 1547 00b8 013B     		subs	r3, r3, #1
 1548 00ba 072B     		cmp	r3, #7
 1549 00bc 2DD8     		bhi	.L109
 1550 00be DFE803F0 		tbb	[pc, r3]
 1551              	.L111:
 1552 00c2 10       		.byte	(.L118-.L111)/2
 1553 00c3 2E       		.byte	(.L119-.L111)/2
 1554 00c4 20       		.byte	(.L116-.L111)/2
 1555 00c5 22       		.byte	(.L115-.L111)/2
 1556 00c6 24       		.byte	(.L114-.L111)/2
 1557 00c7 26       		.byte	(.L113-.L111)/2
 1558 00c8 28       		.byte	(.L112-.L111)/2
 1559 00c9 2A       		.byte	(.L110-.L111)/2
 1560              		.p2align 1
 1561              	.L105:
 149:Core/Src/display.c ****     }
 1562              		.loc 1 149 9 view .LVU289
 1563 00ca 06AB     		add	r3, sp, #24
 1564 00cc 234A     		ldr	r2, .L122+56
 1565 00ce 07CA     		ldm	r2, {r0, r1, r2}
 1566 00d0 83E80700 		stm	r3, {r0, r1, r2}
 1567 00d4 B1E7     		b	.L106
 1568              	.L121:
 161:Core/Src/display.c ****     } else {
 1569              		.loc 1 161 9 view .LVU290
 1570 00d6 2249     		ldr	r1, .L122+60
 1571 00d8 05F12A00 		add	r0, r5, #42
 1572 00dc FFF7FEFF 		bl	make_line_padded
 1573              	.LVL142:
 1574 00e0 E8E7     		b	.L108
 1575              	.L118:
 168:Core/Src/display.c ****         case DISPLAY_MODE_APPROACH: mode = "APPR"; break;
 1576              		.loc 1 168 5 is_stmt 0 view .LVU291
 1577 00e2 204B     		ldr	r3, .L122+64
 1578              	.LVL143:
 1579              	.L117:
 181:Core/Src/display.c ****     make_line_padded(s_new_buf[3], tmp);
 1580              		.loc 1 181 5 is_stmt 1 view .LVU292
 1581 00e4 06AC     		add	r4, sp, #24
 1582 00e6 204A     		ldr	r2, .L122+68
 1583 00e8 1288     		ldrh	r2, [r2]
 1584 00ea 0092     		str	r2, [sp]
ARM GAS  /tmp/ccUzjlCM.s 			page 37


 1585 00ec 1F4A     		ldr	r2, .L122+72
 1586 00ee 1521     		movs	r1, #21
 1587 00f0 2046     		mov	r0, r4
 1588 00f2 FFF7FEFF 		bl	snprintf
 1589              	.LVL144:
 182:Core/Src/display.c **** }
 1590              		.loc 1 182 5 view .LVU293
 1591 00f6 2146     		mov	r1, r4
 1592 00f8 1D48     		ldr	r0, .L122+76
 1593 00fa FFF7FEFF 		bl	make_line_padded
 1594              	.LVL145:
 183:Core/Src/display.c **** 
 1595              		.loc 1 183 1 is_stmt 0 view .LVU294
 1596 00fe 0DB0     		add	sp, sp, #52
 1597              	.LCFI34:
 1598              		.cfi_remember_state
 1599              		.cfi_def_cfa_offset 20
 1600              		@ sp needed
 1601 0100 F0BD     		pop	{r4, r5, r6, r7, pc}
 1602              	.LVL146:
 1603              	.L116:
 1604              	.LCFI35:
 1605              		.cfi_restore_state
 171:Core/Src/display.c ****         case DISPLAY_MODE_ASEEK:    mode = "ASEEK"; break;
 1606              		.loc 1 171 37 is_stmt 1 view .LVU295
 171:Core/Src/display.c ****         case DISPLAY_MODE_ASEEK:    mode = "ASEEK"; break;
 1607              		.loc 1 171 53 view .LVU296
 171:Core/Src/display.c ****         case DISPLAY_MODE_ASEEK:    mode = "ASEEK"; break;
 1608              		.loc 1 171 42 is_stmt 0 view .LVU297
 1609 0102 1C4B     		ldr	r3, .L122+80
 171:Core/Src/display.c ****         case DISPLAY_MODE_ASEEK:    mode = "ASEEK"; break;
 1610              		.loc 1 171 53 view .LVU298
 1611 0104 EEE7     		b	.L117
 1612              	.LVL147:
 1613              	.L115:
 172:Core/Src/display.c ****         case DISPLAY_MODE_HOLD:     mode = "HOLD"; break;
 1614              		.loc 1 172 37 is_stmt 1 view .LVU299
 172:Core/Src/display.c ****         case DISPLAY_MODE_HOLD:     mode = "HOLD"; break;
 1615              		.loc 1 172 53 view .LVU300
 172:Core/Src/display.c ****         case DISPLAY_MODE_HOLD:     mode = "HOLD"; break;
 1616              		.loc 1 172 42 is_stmt 0 view .LVU301
 1617 0106 1C4B     		ldr	r3, .L122+84
 172:Core/Src/display.c ****         case DISPLAY_MODE_HOLD:     mode = "HOLD"; break;
 1618              		.loc 1 172 53 view .LVU302
 1619 0108 ECE7     		b	.L117
 1620              	.LVL148:
 1621              	.L114:
 173:Core/Src/display.c ****         case DISPLAY_MODE_DONE:     mode = "DONE"; break;
 1622              		.loc 1 173 37 is_stmt 1 view .LVU303
 173:Core/Src/display.c ****         case DISPLAY_MODE_DONE:     mode = "DONE"; break;
 1623              		.loc 1 173 52 view .LVU304
 173:Core/Src/display.c ****         case DISPLAY_MODE_DONE:     mode = "DONE"; break;
 1624              		.loc 1 173 42 is_stmt 0 view .LVU305
 1625 010a 1C4B     		ldr	r3, .L122+88
 173:Core/Src/display.c ****         case DISPLAY_MODE_DONE:     mode = "DONE"; break;
 1626              		.loc 1 173 52 view .LVU306
 1627 010c EAE7     		b	.L117
ARM GAS  /tmp/ccUzjlCM.s 			page 38


 1628              	.LVL149:
 1629              	.L113:
 174:Core/Src/display.c ****         case DISPLAY_MODE_FINE:     mode = "FINE"; break;
 1630              		.loc 1 174 37 is_stmt 1 view .LVU307
 174:Core/Src/display.c ****         case DISPLAY_MODE_FINE:     mode = "FINE"; break;
 1631              		.loc 1 174 52 view .LVU308
 174:Core/Src/display.c ****         case DISPLAY_MODE_FINE:     mode = "FINE"; break;
 1632              		.loc 1 174 42 is_stmt 0 view .LVU309
 1633 010e 1C4B     		ldr	r3, .L122+92
 174:Core/Src/display.c ****         case DISPLAY_MODE_FINE:     mode = "FINE"; break;
 1634              		.loc 1 174 52 view .LVU310
 1635 0110 E8E7     		b	.L117
 1636              	.LVL150:
 1637              	.L112:
 175:Core/Src/display.c ****         case DISPLAY_MODE_RETRACT:  mode = "BACK"; break;
 1638              		.loc 1 175 37 is_stmt 1 view .LVU311
 175:Core/Src/display.c ****         case DISPLAY_MODE_RETRACT:  mode = "BACK"; break;
 1639              		.loc 1 175 52 view .LVU312
 175:Core/Src/display.c ****         case DISPLAY_MODE_RETRACT:  mode = "BACK"; break;
 1640              		.loc 1 175 42 is_stmt 0 view .LVU313
 1641 0112 1C4B     		ldr	r3, .L122+96
 175:Core/Src/display.c ****         case DISPLAY_MODE_RETRACT:  mode = "BACK"; break;
 1642              		.loc 1 175 52 view .LVU314
 1643 0114 E6E7     		b	.L117
 1644              	.LVL151:
 1645              	.L110:
 176:Core/Src/display.c ****         case DISPLAY_MODE_IDLE:
 1646              		.loc 1 176 37 is_stmt 1 view .LVU315
 176:Core/Src/display.c ****         case DISPLAY_MODE_IDLE:
 1647              		.loc 1 176 52 view .LVU316
 176:Core/Src/display.c ****         case DISPLAY_MODE_IDLE:
 1648              		.loc 1 176 42 is_stmt 0 view .LVU317
 1649 0116 1C4B     		ldr	r3, .L122+100
 176:Core/Src/display.c ****         case DISPLAY_MODE_IDLE:
 1650              		.loc 1 176 52 view .LVU318
 1651 0118 E4E7     		b	.L117
 1652              	.LVL152:
 1653              	.L109:
 178:Core/Src/display.c ****     }
 1654              		.loc 1 178 37 is_stmt 1 view .LVU319
 178:Core/Src/display.c ****     }
 1655              		.loc 1 178 52 view .LVU320
 178:Core/Src/display.c ****     }
 1656              		.loc 1 178 42 is_stmt 0 view .LVU321
 1657 011a 1C4B     		ldr	r3, .L122+104
 178:Core/Src/display.c ****     }
 1658              		.loc 1 178 52 view .LVU322
 1659 011c E2E7     		b	.L117
 1660              	.L119:
 170:Core/Src/display.c ****         case DISPLAY_MODE_PRESS:    mode = "PRESS"; break;
 1661              		.loc 1 170 42 view .LVU323
 1662 011e 1C4B     		ldr	r3, .L122+108
 1663 0120 E0E7     		b	.L117
 1664              	.L123:
 1665 0122 00BF     		.align	2
 1666              	.L122:
 1667 0124 00000000 		.word	s_active_preset
ARM GAS  /tmp/ccUzjlCM.s 			page 39


 1668 0128 00000000 		.word	g_presets
 1669 012c 00000000 		.word	.LC26
 1670 0130 00000000 		.word	s_new_buf
 1671 0134 00000000 		.word	s_target
 1672 0138 00000000 		.word	s_force
 1673 013c 18000000 		.word	.LC28
 1674 0140 00000000 		.word	s_blink_tick
 1675 0144 00000000 		.word	s_angle_reached
 1676 0148 00000000 		.word	s_angle_target
 1677 014c 00000000 		.word	s_angle_current
 1678 0150 44000000 		.word	.LC30
 1679 0154 2A000000 		.word	s_new_buf+42
 1680 0158 00000000 		.word	s_motion_mode
 1681 015c 0C000000 		.word	.LC27
 1682 0160 2C000000 		.word	.LC29
 1683 0164 00000000 		.word	.LC2
 1684 0168 00000000 		.word	s_motion_speed
 1685 016c 94000000 		.word	.LC15
 1686 0170 3F000000 		.word	s_new_buf+63
 1687 0174 10000000 		.word	.LC4
 1688 0178 18000000 		.word	.LC5
 1689 017c 20000000 		.word	.LC6
 1690 0180 28000000 		.word	.LC7
 1691 0184 30000000 		.word	.LC8
 1692 0188 38000000 		.word	.LC9
 1693 018c 40000000 		.word	.LC10
 1694 0190 08000000 		.word	.LC3
 1695              		.cfi_endproc
 1696              	.LFE234:
 1698              		.section	.text.flush_screen,"ax",%progbits
 1699              		.align	1
 1700              		.syntax unified
 1701              		.thumb
 1702              		.thumb_func
 1704              	flush_screen:
 1705              	.LFB241:
 302:Core/Src/display.c **** 
 303:Core/Src/display.c **** // Надіслати рядки що змінились
 304:Core/Src/display.c **** static void flush_screen(void)
 305:Core/Src/display.c **** {
 1706              		.loc 1 305 1 is_stmt 1 view -0
 1707              		.cfi_startproc
 1708              		@ args = 0, pretend = 0, frame = 0
 1709              		@ frame_needed = 0, uses_anonymous_args = 0
 1710 0000 2DE9F843 		push	{r3, r4, r5, r6, r7, r8, r9, lr}
 1711              	.LCFI36:
 1712              		.cfi_def_cfa_offset 32
 1713              		.cfi_offset 3, -32
 1714              		.cfi_offset 4, -28
 1715              		.cfi_offset 5, -24
 1716              		.cfi_offset 6, -20
 1717              		.cfi_offset 7, -16
 1718              		.cfi_offset 8, -12
 1719              		.cfi_offset 9, -8
 1720              		.cfi_offset 14, -4
 306:Core/Src/display.c ****     for (int row = 0; row < LCD_ROWS; row++) {
 1721              		.loc 1 306 5 view .LVU325
ARM GAS  /tmp/ccUzjlCM.s 			page 40


 1722              	.LBB13:
 1723              		.loc 1 306 10 view .LVU326
 1724              	.LVL153:
 1725              		.loc 1 306 14 is_stmt 0 view .LVU327
 1726 0004 0026     		movs	r6, #0
 1727              		.loc 1 306 5 view .LVU328
 1728 0006 00E0     		b	.L125
 1729              	.LVL154:
 1730              	.L126:
 1731              		.loc 1 306 42 is_stmt 1 discriminator 2 view .LVU329
 1732 0008 0136     		adds	r6, r6, #1
 1733              	.LVL155:
 1734              	.L125:
 1735              		.loc 1 306 27 discriminator 1 view .LVU330
 1736 000a 032E     		cmp	r6, #3
 1737 000c 28DC     		bgt	.L129
 307:Core/Src/display.c ****         if (memcmp(s_new_buf[row], s_lcd_buf[row], LCD_COLS) != 0) {
 1738              		.loc 1 307 9 view .LVU331
 1739              		.loc 1 307 29 is_stmt 0 view .LVU332
 1740 000e 06EB4604 		add	r4, r6, r6, lsl #1
 1741 0012 C4EBC404 		rsb	r4, r4, r4, lsl #3
 1742 0016 DFF84C90 		ldr	r9, .L130
 1743 001a 04EB0905 		add	r5, r4, r9
 1744              		.loc 1 307 45 view .LVU333
 1745 001e DFF84880 		ldr	r8, .L130+4
 1746 0022 04EB0807 		add	r7, r4, r8
 1747              		.loc 1 307 13 view .LVU334
 1748 0026 1422     		movs	r2, #20
 1749 0028 3946     		mov	r1, r7
 1750 002a 2846     		mov	r0, r5
 1751 002c FFF7FEFF 		bl	memcmp
 1752              	.LVL156:
 1753              		.loc 1 307 12 discriminator 1 view .LVU335
 1754 0030 0028     		cmp	r0, #0
 1755 0032 E9D0     		beq	.L126
 308:Core/Src/display.c ****             lcd_set_cursor(0, row);
 1756              		.loc 1 308 13 is_stmt 1 view .LVU336
 1757 0034 F1B2     		uxtb	r1, r6
 1758 0036 0020     		movs	r0, #0
 1759 0038 FFF7FEFF 		bl	lcd_set_cursor
 1760              	.LVL157:
 309:Core/Src/display.c ****             lcd_print(s_new_buf[row]);
 1761              		.loc 1 309 13 view .LVU337
 1762 003c 2846     		mov	r0, r5
 1763 003e FFF7FEFF 		bl	lcd_print
 1764              	.LVL158:
 310:Core/Src/display.c ****             memcpy(s_lcd_buf[row], s_new_buf[row], LCD_COLS + 1);
 1765              		.loc 1 310 13 view .LVU338
 1766 0042 59F80430 		ldr	r3, [r9, r4]	@ unaligned
 1767 0046 6868     		ldr	r0, [r5, #4]	@ unaligned
 1768 0048 A968     		ldr	r1, [r5, #8]	@ unaligned
 1769 004a EA68     		ldr	r2, [r5, #12]	@ unaligned
 1770 004c 48F80430 		str	r3, [r8, r4]	@ unaligned
 1771 0050 7860     		str	r0, [r7, #4]	@ unaligned
 1772 0052 B960     		str	r1, [r7, #8]	@ unaligned
 1773 0054 FA60     		str	r2, [r7, #12]	@ unaligned
 1774 0056 2B69     		ldr	r3, [r5, #16]	@ unaligned
ARM GAS  /tmp/ccUzjlCM.s 			page 41


 1775 0058 3B61     		str	r3, [r7, #16]	@ unaligned
 1776 005a 2B7D     		ldrb	r3, [r5, #20]	@ zero_extendqisi2
 1777 005c 3B75     		strb	r3, [r7, #20]
 1778 005e D3E7     		b	.L126
 1779              	.L129:
 1780              	.LBE13:
 311:Core/Src/display.c ****         }
 312:Core/Src/display.c ****     }
 313:Core/Src/display.c **** }
 1781              		.loc 1 313 1 is_stmt 0 view .LVU339
 1782 0060 BDE8F883 		pop	{r3, r4, r5, r6, r7, r8, r9, pc}
 1783              	.LVL159:
 1784              	.L131:
 1785              		.loc 1 313 1 view .LVU340
 1786              		.align	2
 1787              	.L130:
 1788 0064 00000000 		.word	s_new_buf
 1789 0068 00000000 		.word	s_lcd_buf
 1790              		.cfi_endproc
 1791              	.LFE241:
 1793              		.section	.text.display_init,"ax",%progbits
 1794              		.align	1
 1795              		.global	display_init
 1796              		.syntax unified
 1797              		.thumb
 1798              		.thumb_func
 1800              	display_init:
 1801              	.LFB242:
 314:Core/Src/display.c **** 
 315:Core/Src/display.c **** // ===== Публічні функції =====
 316:Core/Src/display.c **** 
 317:Core/Src/display.c **** void display_init(void)
 318:Core/Src/display.c **** {
 1802              		.loc 1 318 1 is_stmt 1 view -0
 1803              		.cfi_startproc
 1804              		@ args = 0, pretend = 0, frame = 0
 1805              		@ frame_needed = 0, uses_anonymous_args = 0
 1806 0000 10B5     		push	{r4, lr}
 1807              	.LCFI37:
 1808              		.cfi_def_cfa_offset 8
 1809              		.cfi_offset 4, -8
 1810              		.cfi_offset 14, -4
 319:Core/Src/display.c ****     memset(s_lcd_buf,     0, sizeof(s_lcd_buf));
 1811              		.loc 1 319 5 view .LVU342
 1812 0002 5424     		movs	r4, #84
 1813 0004 2246     		mov	r2, r4
 1814 0006 0021     		movs	r1, #0
 1815 0008 0D48     		ldr	r0, .L134
 1816 000a FFF7FEFF 		bl	memset
 1817              	.LVL160:
 320:Core/Src/display.c ****     memset(s_new_buf,     0, sizeof(s_new_buf));
 1818              		.loc 1 320 5 view .LVU343
 1819 000e 2246     		mov	r2, r4
 1820 0010 0021     		movs	r1, #0
 1821 0012 0C48     		ldr	r0, .L134+4
 1822 0014 FFF7FEFF 		bl	memset
 1823              	.LVL161:
ARM GAS  /tmp/ccUzjlCM.s 			page 42


 321:Core/Src/display.c ****     memset(s_calib_lines, 0, sizeof(s_calib_lines));
 1824              		.loc 1 321 5 view .LVU344
 1825 0018 2246     		mov	r2, r4
 1826 001a 0021     		movs	r1, #0
 1827 001c 0A48     		ldr	r0, .L134+8
 1828 001e FFF7FEFF 		bl	memset
 1829              	.LVL162:
 322:Core/Src/display.c ****     memset(s_error_msg,   0, sizeof(s_error_msg));
 1830              		.loc 1 322 5 view .LVU345
 1831 0022 0A4B     		ldr	r3, .L134+12
 1832 0024 0022     		movs	r2, #0
 1833 0026 1A60     		str	r2, [r3]
 1834 0028 5A60     		str	r2, [r3, #4]
 1835 002a 9A60     		str	r2, [r3, #8]
 1836 002c DA60     		str	r2, [r3, #12]
 1837 002e 1A61     		str	r2, [r3, #16]
 1838 0030 1A75     		strb	r2, [r3, #20]
 323:Core/Src/display.c **** 
 324:Core/Src/display.c ****     lcd_hw_init();
 1839              		.loc 1 324 5 view .LVU346
 1840 0032 FFF7FEFF 		bl	lcd_hw_init
 1841              	.LVL163:
 325:Core/Src/display.c ****     s_dirty = true;
 1842              		.loc 1 325 5 view .LVU347
 1843              		.loc 1 325 13 is_stmt 0 view .LVU348
 1844 0036 064B     		ldr	r3, .L134+16
 1845 0038 0122     		movs	r2, #1
 1846 003a 1A70     		strb	r2, [r3]
 326:Core/Src/display.c **** }
 1847              		.loc 1 326 1 view .LVU349
 1848 003c 10BD     		pop	{r4, pc}
 1849              	.L135:
 1850 003e 00BF     		.align	2
 1851              	.L134:
 1852 0040 00000000 		.word	s_lcd_buf
 1853 0044 00000000 		.word	s_new_buf
 1854 0048 00000000 		.word	s_calib_lines
 1855 004c 00000000 		.word	s_error_msg
 1856 0050 00000000 		.word	s_dirty
 1857              		.cfi_endproc
 1858              	.LFE242:
 1860              		.section	.text.display_update,"ax",%progbits
 1861              		.align	1
 1862              		.global	display_update
 1863              		.syntax unified
 1864              		.thumb
 1865              		.thumb_func
 1867              	display_update:
 1868              	.LFB243:
 327:Core/Src/display.c **** 
 328:Core/Src/display.c **** void display_update(void)
 329:Core/Src/display.c **** {
 1869              		.loc 1 329 1 is_stmt 1 view -0
 1870              		.cfi_startproc
 1871              		@ args = 0, pretend = 0, frame = 0
 1872              		@ frame_needed = 0, uses_anonymous_args = 0
 1873 0000 08B5     		push	{r3, lr}
ARM GAS  /tmp/ccUzjlCM.s 			page 43


 1874              	.LCFI38:
 1875              		.cfi_def_cfa_offset 8
 1876              		.cfi_offset 3, -8
 1877              		.cfi_offset 14, -4
 330:Core/Src/display.c ****     if (!s_dirty) return;
 1878              		.loc 1 330 5 view .LVU351
 1879              		.loc 1 330 9 is_stmt 0 view .LVU352
 1880 0002 154B     		ldr	r3, .L149
 1881 0004 1B78     		ldrb	r3, [r3]	@ zero_extendqisi2
 1882              		.loc 1 330 8 view .LVU353
 1883 0006 83B1     		cbz	r3, .L136
 331:Core/Src/display.c ****     s_dirty = false;
 1884              		.loc 1 331 5 is_stmt 1 view .LVU354
 1885              		.loc 1 331 13 is_stmt 0 view .LVU355
 1886 0008 134B     		ldr	r3, .L149
 1887 000a 0022     		movs	r2, #0
 1888 000c 1A70     		strb	r2, [r3]
 332:Core/Src/display.c **** 
 333:Core/Src/display.c ****     switch (s_screen) {
 1889              		.loc 1 333 5 is_stmt 1 view .LVU356
 1890 000e 134B     		ldr	r3, .L149+4
 1891 0010 1B78     		ldrb	r3, [r3]	@ zero_extendqisi2
 1892 0012 062B     		cmp	r3, #6
 1893 0014 1CD8     		bhi	.L138
 1894 0016 DFE803F0 		tbb	[pc, r3]
 1895              	.L140:
 1896 001a 04       		.byte	(.L146-.L140)/2
 1897 001b 09       		.byte	(.L145-.L140)/2
 1898 001c 0C       		.byte	(.L144-.L140)/2
 1899 001d 0F       		.byte	(.L143-.L140)/2
 1900 001e 12       		.byte	(.L142-.L140)/2
 1901 001f 15       		.byte	(.L141-.L140)/2
 1902 0020 18       		.byte	(.L139-.L140)/2
 1903 0021 00       		.p2align 1
 1904              	.L146:
 334:Core/Src/display.c ****         case SCREEN_MAIN:         build_screen_main();     break;
 1905              		.loc 1 334 35 view .LVU357
 1906 0022 FFF7FEFF 		bl	build_screen_main
 1907              	.LVL164:
 1908              		.loc 1 334 60 discriminator 1 view .LVU358
 1909              	.L147:
 335:Core/Src/display.c ****         case SCREEN_AUTO:         build_screen_auto();     break;
 336:Core/Src/display.c ****         case SCREEN_MENU:         build_screen_menu();     break;
 337:Core/Src/display.c ****         case SCREEN_PRESET:       build_screen_preset();   break;
 338:Core/Src/display.c ****         case SCREEN_CALIBRATION:  build_screen_calib();    break;
 339:Core/Src/display.c ****         case SCREEN_SETTINGS:     build_screen_settings(); break;
 340:Core/Src/display.c ****         case SCREEN_ERROR:        build_screen_error();    break;
 341:Core/Src/display.c ****         default:                  build_screen_main();     break;
 342:Core/Src/display.c ****     }
 343:Core/Src/display.c **** 
 344:Core/Src/display.c ****     flush_screen();
 1910              		.loc 1 344 5 view .LVU359
 1911 0026 FFF7FEFF 		bl	flush_screen
 1912              	.LVL165:
 1913              	.L136:
 345:Core/Src/display.c **** }
 1914              		.loc 1 345 1 is_stmt 0 view .LVU360
ARM GAS  /tmp/ccUzjlCM.s 			page 44


 1915 002a 08BD     		pop	{r3, pc}
 1916              	.L145:
 335:Core/Src/display.c ****         case SCREEN_AUTO:         build_screen_auto();     break;
 1917              		.loc 1 335 35 is_stmt 1 view .LVU361
 1918 002c FFF7FEFF 		bl	build_screen_auto
 1919              	.LVL166:
 335:Core/Src/display.c ****         case SCREEN_AUTO:         build_screen_auto();     break;
 1920              		.loc 1 335 60 discriminator 1 view .LVU362
 335:Core/Src/display.c ****         case SCREEN_AUTO:         build_screen_auto();     break;
 1921              		.loc 1 335 60 is_stmt 0 view .LVU363
 1922 0030 F9E7     		b	.L147
 1923              	.L144:
 336:Core/Src/display.c ****         case SCREEN_PRESET:       build_screen_preset();   break;
 1924              		.loc 1 336 35 is_stmt 1 view .LVU364
 1925 0032 FFF7FEFF 		bl	build_screen_menu
 1926              	.LVL167:
 336:Core/Src/display.c ****         case SCREEN_PRESET:       build_screen_preset();   break;
 1927              		.loc 1 336 60 discriminator 1 view .LVU365
 336:Core/Src/display.c ****         case SCREEN_PRESET:       build_screen_preset();   break;
 1928              		.loc 1 336 60 is_stmt 0 view .LVU366
 1929 0036 F6E7     		b	.L147
 1930              	.L143:
 337:Core/Src/display.c ****         case SCREEN_CALIBRATION:  build_screen_calib();    break;
 1931              		.loc 1 337 35 is_stmt 1 view .LVU367
 1932 0038 FFF7FEFF 		bl	build_screen_preset
 1933              	.LVL168:
 337:Core/Src/display.c ****         case SCREEN_CALIBRATION:  build_screen_calib();    break;
 1934              		.loc 1 337 60 discriminator 1 view .LVU368
 337:Core/Src/display.c ****         case SCREEN_CALIBRATION:  build_screen_calib();    break;
 1935              		.loc 1 337 60 is_stmt 0 view .LVU369
 1936 003c F3E7     		b	.L147
 1937              	.L142:
 338:Core/Src/display.c ****         case SCREEN_SETTINGS:     build_screen_settings(); break;
 1938              		.loc 1 338 35 is_stmt 1 view .LVU370
 1939 003e FFF7FEFF 		bl	build_screen_calib
 1940              	.LVL169:
 338:Core/Src/display.c ****         case SCREEN_SETTINGS:     build_screen_settings(); break;
 1941              		.loc 1 338 60 discriminator 1 view .LVU371
 338:Core/Src/display.c ****         case SCREEN_SETTINGS:     build_screen_settings(); break;
 1942              		.loc 1 338 60 is_stmt 0 view .LVU372
 1943 0042 F0E7     		b	.L147
 1944              	.L141:
 339:Core/Src/display.c ****         case SCREEN_ERROR:        build_screen_error();    break;
 1945              		.loc 1 339 35 is_stmt 1 view .LVU373
 1946 0044 FFF7FEFF 		bl	build_screen_settings
 1947              	.LVL170:
 339:Core/Src/display.c ****         case SCREEN_ERROR:        build_screen_error();    break;
 1948              		.loc 1 339 60 discriminator 1 view .LVU374
 339:Core/Src/display.c ****         case SCREEN_ERROR:        build_screen_error();    break;
 1949              		.loc 1 339 60 is_stmt 0 view .LVU375
 1950 0048 EDE7     		b	.L147
 1951              	.L139:
 340:Core/Src/display.c ****         default:                  build_screen_main();     break;
 1952              		.loc 1 340 35 is_stmt 1 view .LVU376
 1953 004a FFF7FEFF 		bl	build_screen_error
 1954              	.LVL171:
 340:Core/Src/display.c ****         default:                  build_screen_main();     break;
ARM GAS  /tmp/ccUzjlCM.s 			page 45


 1955              		.loc 1 340 60 discriminator 1 view .LVU377
 340:Core/Src/display.c ****         default:                  build_screen_main();     break;
 1956              		.loc 1 340 60 is_stmt 0 view .LVU378
 1957 004e EAE7     		b	.L147
 1958              	.L138:
 341:Core/Src/display.c ****     }
 1959              		.loc 1 341 35 is_stmt 1 view .LVU379
 1960 0050 FFF7FEFF 		bl	build_screen_main
 1961              	.LVL172:
 341:Core/Src/display.c ****     }
 1962              		.loc 1 341 60 discriminator 1 view .LVU380
 341:Core/Src/display.c ****     }
 1963              		.loc 1 341 60 is_stmt 0 view .LVU381
 1964 0054 E7E7     		b	.L147
 1965              	.L150:
 1966 0056 00BF     		.align	2
 1967              	.L149:
 1968 0058 00000000 		.word	s_dirty
 1969 005c 00000000 		.word	s_screen
 1970              		.cfi_endproc
 1971              	.LFE243:
 1973              		.section	.text.display_get_screen,"ax",%progbits
 1974              		.align	1
 1975              		.global	display_get_screen
 1976              		.syntax unified
 1977              		.thumb
 1978              		.thumb_func
 1980              	display_get_screen:
 1981              	.LFB244:
 346:Core/Src/display.c **** 
 347:Core/Src/display.c **** DisplayScreen display_get_screen(void)
 348:Core/Src/display.c **** {
 1982              		.loc 1 348 1 is_stmt 1 view -0
 1983              		.cfi_startproc
 1984              		@ args = 0, pretend = 0, frame = 0
 1985              		@ frame_needed = 0, uses_anonymous_args = 0
 1986              		@ link register save eliminated.
 349:Core/Src/display.c ****     return s_screen;
 1987              		.loc 1 349 5 view .LVU383
 350:Core/Src/display.c **** }
 1988              		.loc 1 350 1 is_stmt 0 view .LVU384
 1989 0000 014B     		ldr	r3, .L152
 1990 0002 1878     		ldrb	r0, [r3]	@ zero_extendqisi2
 1991 0004 7047     		bx	lr
 1992              	.L153:
 1993 0006 00BF     		.align	2
 1994              	.L152:
 1995 0008 00000000 		.word	s_screen
 1996              		.cfi_endproc
 1997              	.LFE244:
 1999              		.section	.text.display_set_screen,"ax",%progbits
 2000              		.align	1
 2001              		.global	display_set_screen
 2002              		.syntax unified
 2003              		.thumb
 2004              		.thumb_func
 2006              	display_set_screen:
ARM GAS  /tmp/ccUzjlCM.s 			page 46


 2007              	.LVL173:
 2008              	.LFB245:
 351:Core/Src/display.c **** 
 352:Core/Src/display.c **** void display_set_screen(DisplayScreen s)
 353:Core/Src/display.c **** {
 2009              		.loc 1 353 1 is_stmt 1 view -0
 2010              		.cfi_startproc
 2011              		@ args = 0, pretend = 0, frame = 0
 2012              		@ frame_needed = 0, uses_anonymous_args = 0
 354:Core/Src/display.c ****     if (s_screen != s) {
 2013              		.loc 1 354 5 view .LVU386
 2014              		.loc 1 354 18 is_stmt 0 view .LVU387
 2015 0000 0B4B     		ldr	r3, .L162
 2016 0002 1B78     		ldrb	r3, [r3]	@ zero_extendqisi2
 2017              		.loc 1 354 8 view .LVU388
 2018 0004 8342     		cmp	r3, r0
 2019 0006 00D1     		bne	.L160
 2020 0008 7047     		bx	lr
 2021              	.L160:
 353:Core/Src/display.c ****     if (s_screen != s) {
 2022              		.loc 1 353 1 view .LVU389
 2023 000a 10B5     		push	{r4, lr}
 2024              	.LCFI39:
 2025              		.cfi_def_cfa_offset 8
 2026              		.cfi_offset 4, -8
 2027              		.cfi_offset 14, -4
 2028 000c 0446     		mov	r4, r0
 355:Core/Src/display.c ****         s_screen = s;
 2029              		.loc 1 355 9 is_stmt 1 view .LVU390
 2030              		.loc 1 355 18 is_stmt 0 view .LVU391
 2031 000e 084B     		ldr	r3, .L162
 2032 0010 1870     		strb	r0, [r3]
 356:Core/Src/display.c ****         memset(s_lcd_buf, 0, sizeof(s_lcd_buf));
 2033              		.loc 1 356 9 is_stmt 1 view .LVU392
 2034 0012 5422     		movs	r2, #84
 2035 0014 0021     		movs	r1, #0
 2036 0016 0748     		ldr	r0, .L162+4
 2037              	.LVL174:
 2038              		.loc 1 356 9 is_stmt 0 view .LVU393
 2039 0018 FFF7FEFF 		bl	memset
 2040              	.LVL175:
 357:Core/Src/display.c ****         s_dirty = true;
 2041              		.loc 1 357 9 is_stmt 1 view .LVU394
 2042              		.loc 1 357 17 is_stmt 0 view .LVU395
 2043 001c 064B     		ldr	r3, .L162+8
 2044 001e 0122     		movs	r2, #1
 2045 0020 1A70     		strb	r2, [r3]
 358:Core/Src/display.c ****         if (s == SCREEN_MENU) s_menu_item = 0;  // курсор завжди з початку
 2046              		.loc 1 358 9 is_stmt 1 view .LVU396
 2047              		.loc 1 358 12 is_stmt 0 view .LVU397
 2048 0022 022C     		cmp	r4, #2
 2049 0024 00D0     		beq	.L161
 2050              	.L154:
 359:Core/Src/display.c ****     }
 360:Core/Src/display.c **** }
 2051              		.loc 1 360 1 view .LVU398
 2052 0026 10BD     		pop	{r4, pc}
ARM GAS  /tmp/ccUzjlCM.s 			page 47


 2053              	.L161:
 358:Core/Src/display.c ****         if (s == SCREEN_MENU) s_menu_item = 0;  // курсор завжди з початку
 2054              		.loc 1 358 31 is_stmt 1 discriminator 1 view .LVU399
 358:Core/Src/display.c ****         if (s == SCREEN_MENU) s_menu_item = 0;  // курсор завжди з початку
 2055              		.loc 1 358 43 is_stmt 0 discriminator 1 view .LVU400
 2056 0028 044B     		ldr	r3, .L162+12
 2057 002a 0022     		movs	r2, #0
 2058 002c 1A70     		strb	r2, [r3]
 2059              		.loc 1 360 1 view .LVU401
 2060 002e FAE7     		b	.L154
 2061              	.L163:
 2062              		.align	2
 2063              	.L162:
 2064 0030 00000000 		.word	s_screen
 2065 0034 00000000 		.word	s_lcd_buf
 2066 0038 00000000 		.word	s_dirty
 2067 003c 00000000 		.word	s_menu_item
 2068              		.cfi_endproc
 2069              	.LFE245:
 2071              		.section	.text.display_set_force,"ax",%progbits
 2072              		.align	1
 2073              		.global	display_set_force
 2074              		.syntax unified
 2075              		.thumb
 2076              		.thumb_func
 2078              	display_set_force:
 2079              	.LVL176:
 2080              	.LFB246:
 361:Core/Src/display.c **** 
 362:Core/Src/display.c **** void display_set_force(float current_kN, float target_kN)
 363:Core/Src/display.c **** {
 2081              		.loc 1 363 1 is_stmt 1 view -0
 2082              		.cfi_startproc
 2083              		@ args = 0, pretend = 0, frame = 0
 2084              		@ frame_needed = 0, uses_anonymous_args = 0
 2085              		@ link register save eliminated.
 364:Core/Src/display.c ****     if (s_force != current_kN || s_target != target_kN) {
 2086              		.loc 1 364 5 view .LVU403
 2087              		.loc 1 364 17 is_stmt 0 view .LVU404
 2088 0000 0E4B     		ldr	r3, .L167
 2089 0002 D3ED007A 		vldr.32	s15, [r3]
 2090              		.loc 1 364 8 view .LVU405
 2091 0006 F4EE407A 		vcmp.f32	s15, s0
 2092 000a F1EE10FA 		vmrs	APSR_nzcv, FPSCR
 2093 000e 07D1     		bne	.L165
 2094              		.loc 1 364 43 discriminator 1 view .LVU406
 2095 0010 0B4B     		ldr	r3, .L167+4
 2096 0012 D3ED007A 		vldr.32	s15, [r3]
 2097              		.loc 1 364 31 discriminator 1 view .LVU407
 2098 0016 F4EE607A 		vcmp.f32	s15, s1
 2099 001a F1EE10FA 		vmrs	APSR_nzcv, FPSCR
 2100 001e 0BD0     		beq	.L164
 2101              	.L165:
 365:Core/Src/display.c ****         s_force  = current_kN;
 2102              		.loc 1 365 9 is_stmt 1 view .LVU408
 2103              		.loc 1 365 18 is_stmt 0 view .LVU409
 2104 0020 064B     		ldr	r3, .L167
ARM GAS  /tmp/ccUzjlCM.s 			page 48


 2105 0022 83ED000A 		vstr.32	s0, [r3]
 366:Core/Src/display.c ****         s_target = target_kN;
 2106              		.loc 1 366 9 is_stmt 1 view .LVU410
 2107              		.loc 1 366 18 is_stmt 0 view .LVU411
 2108 0026 064B     		ldr	r3, .L167+4
 2109 0028 C3ED000A 		vstr.32	s1, [r3]
 367:Core/Src/display.c ****         if (s_screen == SCREEN_MAIN) s_dirty = true;
 2110              		.loc 1 367 9 is_stmt 1 view .LVU412
 2111              		.loc 1 367 22 is_stmt 0 view .LVU413
 2112 002c 054B     		ldr	r3, .L167+8
 2113 002e 1B78     		ldrb	r3, [r3]	@ zero_extendqisi2
 2114              		.loc 1 367 12 view .LVU414
 2115 0030 13B9     		cbnz	r3, .L164
 2116              		.loc 1 367 38 is_stmt 1 discriminator 1 view .LVU415
 2117              		.loc 1 367 46 is_stmt 0 discriminator 1 view .LVU416
 2118 0032 054B     		ldr	r3, .L167+12
 2119 0034 0122     		movs	r2, #1
 2120 0036 1A70     		strb	r2, [r3]
 2121              	.L164:
 368:Core/Src/display.c ****     }
 369:Core/Src/display.c **** }
 2122              		.loc 1 369 1 view .LVU417
 2123 0038 7047     		bx	lr
 2124              	.L168:
 2125 003a 00BF     		.align	2
 2126              	.L167:
 2127 003c 00000000 		.word	s_force
 2128 0040 00000000 		.word	s_target
 2129 0044 00000000 		.word	s_screen
 2130 0048 00000000 		.word	s_dirty
 2131              		.cfi_endproc
 2132              	.LFE246:
 2134              		.section	.text.display_set_angle,"ax",%progbits
 2135              		.align	1
 2136              		.global	display_set_angle
 2137              		.syntax unified
 2138              		.thumb
 2139              		.thumb_func
 2141              	display_set_angle:
 2142              	.LVL177:
 2143              	.LFB247:
 370:Core/Src/display.c **** 
 371:Core/Src/display.c **** void display_set_angle(float current_deg, float target_deg, bool reached)
 372:Core/Src/display.c **** {
 2144              		.loc 1 372 1 is_stmt 1 view -0
 2145              		.cfi_startproc
 2146              		@ args = 0, pretend = 0, frame = 0
 2147              		@ frame_needed = 0, uses_anonymous_args = 0
 2148              		@ link register save eliminated.
 373:Core/Src/display.c ****     if (s_angle_current != current_deg || s_angle_target != target_deg ||
 2149              		.loc 1 373 5 view .LVU419
 2150              		.loc 1 373 25 is_stmt 0 view .LVU420
 2151 0000 114B     		ldr	r3, .L172
 2152 0002 D3ED007A 		vldr.32	s15, [r3]
 2153              		.loc 1 373 8 view .LVU421
 2154 0006 F4EE407A 		vcmp.f32	s15, s0
 2155 000a F1EE10FA 		vmrs	APSR_nzcv, FPSCR
ARM GAS  /tmp/ccUzjlCM.s 			page 49


 2156 000e 0BD1     		bne	.L170
 2157              		.loc 1 373 58 discriminator 1 view .LVU422
 2158 0010 0E4B     		ldr	r3, .L172+4
 2159 0012 D3ED007A 		vldr.32	s15, [r3]
 2160              		.loc 1 373 40 discriminator 1 view .LVU423
 2161 0016 F4EE607A 		vcmp.f32	s15, s1
 2162 001a F1EE10FA 		vmrs	APSR_nzcv, FPSCR
 2163 001e 03D1     		bne	.L170
 374:Core/Src/display.c ****         s_angle_reached != reached) {
 2164              		.loc 1 374 25 view .LVU424
 2165 0020 0B4B     		ldr	r3, .L172+8
 2166 0022 1B78     		ldrb	r3, [r3]	@ zero_extendqisi2
 373:Core/Src/display.c ****     if (s_angle_current != current_deg || s_angle_target != target_deg ||
 2167              		.loc 1 373 72 discriminator 2 view .LVU425
 2168 0024 8342     		cmp	r3, r0
 2169 0026 0DD0     		beq	.L169
 2170              	.L170:
 375:Core/Src/display.c ****         s_angle_current = current_deg;
 2171              		.loc 1 375 9 is_stmt 1 view .LVU426
 2172              		.loc 1 375 25 is_stmt 0 view .LVU427
 2173 0028 074B     		ldr	r3, .L172
 2174 002a 83ED000A 		vstr.32	s0, [r3]
 376:Core/Src/display.c ****         s_angle_target  = target_deg;
 2175              		.loc 1 376 9 is_stmt 1 view .LVU428
 2176              		.loc 1 376 25 is_stmt 0 view .LVU429
 2177 002e 074B     		ldr	r3, .L172+4
 2178 0030 C3ED000A 		vstr.32	s1, [r3]
 377:Core/Src/display.c ****         s_angle_reached = reached;
 2179              		.loc 1 377 9 is_stmt 1 view .LVU430
 2180              		.loc 1 377 25 is_stmt 0 view .LVU431
 2181 0034 064B     		ldr	r3, .L172+8
 2182 0036 1870     		strb	r0, [r3]
 378:Core/Src/display.c ****         if (s_screen == SCREEN_MAIN) s_dirty = true;
 2183              		.loc 1 378 9 is_stmt 1 view .LVU432
 2184              		.loc 1 378 22 is_stmt 0 view .LVU433
 2185 0038 064B     		ldr	r3, .L172+12
 2186 003a 1B78     		ldrb	r3, [r3]	@ zero_extendqisi2
 2187              		.loc 1 378 12 view .LVU434
 2188 003c 13B9     		cbnz	r3, .L169
 2189              		.loc 1 378 38 is_stmt 1 discriminator 1 view .LVU435
 2190              		.loc 1 378 46 is_stmt 0 discriminator 1 view .LVU436
 2191 003e 064B     		ldr	r3, .L172+16
 2192 0040 0122     		movs	r2, #1
 2193 0042 1A70     		strb	r2, [r3]
 2194              	.L169:
 379:Core/Src/display.c ****     }
 380:Core/Src/display.c **** }
 2195              		.loc 1 380 1 view .LVU437
 2196 0044 7047     		bx	lr
 2197              	.L173:
 2198 0046 00BF     		.align	2
 2199              	.L172:
 2200 0048 00000000 		.word	s_angle_current
 2201 004c 00000000 		.word	s_angle_target
 2202 0050 00000000 		.word	s_angle_reached
 2203 0054 00000000 		.word	s_screen
 2204 0058 00000000 		.word	s_dirty
ARM GAS  /tmp/ccUzjlCM.s 			page 50


 2205              		.cfi_endproc
 2206              	.LFE247:
 2208              		.section	.text.display_set_motion_mode,"ax",%progbits
 2209              		.align	1
 2210              		.global	display_set_motion_mode
 2211              		.syntax unified
 2212              		.thumb
 2213              		.thumb_func
 2215              	display_set_motion_mode:
 2216              	.LVL178:
 2217              	.LFB248:
 381:Core/Src/display.c **** 
 382:Core/Src/display.c **** void display_set_motion_mode(DisplayMotionMode mode)
 383:Core/Src/display.c **** {
 2218              		.loc 1 383 1 is_stmt 1 view -0
 2219              		.cfi_startproc
 2220              		@ args = 0, pretend = 0, frame = 0
 2221              		@ frame_needed = 0, uses_anonymous_args = 0
 2222              		@ link register save eliminated.
 384:Core/Src/display.c ****     if (s_motion_mode != mode) {
 2223              		.loc 1 384 5 view .LVU439
 2224              		.loc 1 384 23 is_stmt 0 view .LVU440
 2225 0000 074B     		ldr	r3, .L177
 2226 0002 1B78     		ldrb	r3, [r3]	@ zero_extendqisi2
 2227              		.loc 1 384 8 view .LVU441
 2228 0004 8342     		cmp	r3, r0
 2229 0006 05D0     		beq	.L174
 385:Core/Src/display.c ****         s_motion_mode = mode;
 2230              		.loc 1 385 9 is_stmt 1 view .LVU442
 2231              		.loc 1 385 23 is_stmt 0 view .LVU443
 2232 0008 054B     		ldr	r3, .L177
 2233 000a 1870     		strb	r0, [r3]
 386:Core/Src/display.c ****         if (s_screen == SCREEN_MAIN || s_screen == SCREEN_AUTO) s_dirty = true;
 2234              		.loc 1 386 9 is_stmt 1 view .LVU444
 2235              		.loc 1 386 37 is_stmt 0 view .LVU445
 2236 000c 054B     		ldr	r3, .L177+4
 2237 000e 1B78     		ldrb	r3, [r3]	@ zero_extendqisi2
 2238              		.loc 1 386 12 view .LVU446
 2239 0010 012B     		cmp	r3, #1
 2240 0012 00D9     		bls	.L176
 2241              	.L174:
 387:Core/Src/display.c ****     }
 388:Core/Src/display.c **** }
 2242              		.loc 1 388 1 view .LVU447
 2243 0014 7047     		bx	lr
 2244              	.L176:
 386:Core/Src/display.c ****         if (s_screen == SCREEN_MAIN || s_screen == SCREEN_AUTO) s_dirty = true;
 2245              		.loc 1 386 65 is_stmt 1 discriminator 1 view .LVU448
 386:Core/Src/display.c ****         if (s_screen == SCREEN_MAIN || s_screen == SCREEN_AUTO) s_dirty = true;
 2246              		.loc 1 386 73 is_stmt 0 discriminator 1 view .LVU449
 2247 0016 044B     		ldr	r3, .L177+8
 2248 0018 0122     		movs	r2, #1
 2249 001a 1A70     		strb	r2, [r3]
 2250              		.loc 1 388 1 view .LVU450
 2251 001c FAE7     		b	.L174
 2252              	.L178:
 2253 001e 00BF     		.align	2
ARM GAS  /tmp/ccUzjlCM.s 			page 51


 2254              	.L177:
 2255 0020 00000000 		.word	s_motion_mode
 2256 0024 00000000 		.word	s_screen
 2257 0028 00000000 		.word	s_dirty
 2258              		.cfi_endproc
 2259              	.LFE248:
 2261              		.section	.text.display_set_motion_speed,"ax",%progbits
 2262              		.align	1
 2263              		.global	display_set_motion_speed
 2264              		.syntax unified
 2265              		.thumb
 2266              		.thumb_func
 2268              	display_set_motion_speed:
 2269              	.LVL179:
 2270              	.LFB249:
 389:Core/Src/display.c **** 
 390:Core/Src/display.c **** void display_set_motion_speed(uint16_t speed_steps)
 391:Core/Src/display.c **** {
 2271              		.loc 1 391 1 is_stmt 1 view -0
 2272              		.cfi_startproc
 2273              		@ args = 0, pretend = 0, frame = 0
 2274              		@ frame_needed = 0, uses_anonymous_args = 0
 2275              		@ link register save eliminated.
 392:Core/Src/display.c ****     if (s_motion_speed != speed_steps) {
 2276              		.loc 1 392 5 view .LVU452
 2277              		.loc 1 392 24 is_stmt 0 view .LVU453
 2278 0000 074B     		ldr	r3, .L182
 2279 0002 1B88     		ldrh	r3, [r3]
 2280              		.loc 1 392 8 view .LVU454
 2281 0004 8342     		cmp	r3, r0
 2282 0006 05D0     		beq	.L179
 393:Core/Src/display.c ****         s_motion_speed = speed_steps;
 2283              		.loc 1 393 9 is_stmt 1 view .LVU455
 2284              		.loc 1 393 24 is_stmt 0 view .LVU456
 2285 0008 054B     		ldr	r3, .L182
 2286 000a 1880     		strh	r0, [r3]	@ movhi
 394:Core/Src/display.c ****         if (s_screen == SCREEN_MAIN || s_screen == SCREEN_AUTO) s_dirty = true;
 2287              		.loc 1 394 9 is_stmt 1 view .LVU457
 2288              		.loc 1 394 37 is_stmt 0 view .LVU458
 2289 000c 054B     		ldr	r3, .L182+4
 2290 000e 1B78     		ldrb	r3, [r3]	@ zero_extendqisi2
 2291              		.loc 1 394 12 view .LVU459
 2292 0010 012B     		cmp	r3, #1
 2293 0012 00D9     		bls	.L181
 2294              	.L179:
 395:Core/Src/display.c ****     }
 396:Core/Src/display.c **** }
 2295              		.loc 1 396 1 view .LVU460
 2296 0014 7047     		bx	lr
 2297              	.L181:
 394:Core/Src/display.c ****         if (s_screen == SCREEN_MAIN || s_screen == SCREEN_AUTO) s_dirty = true;
 2298              		.loc 1 394 65 is_stmt 1 discriminator 1 view .LVU461
 394:Core/Src/display.c ****         if (s_screen == SCREEN_MAIN || s_screen == SCREEN_AUTO) s_dirty = true;
 2299              		.loc 1 394 73 is_stmt 0 discriminator 1 view .LVU462
 2300 0016 044B     		ldr	r3, .L182+8
 2301 0018 0122     		movs	r2, #1
 2302 001a 1A70     		strb	r2, [r3]
ARM GAS  /tmp/ccUzjlCM.s 			page 52


 2303              		.loc 1 396 1 view .LVU463
 2304 001c FAE7     		b	.L179
 2305              	.L183:
 2306 001e 00BF     		.align	2
 2307              	.L182:
 2308 0020 00000000 		.word	s_motion_speed
 2309 0024 00000000 		.word	s_screen
 2310 0028 00000000 		.word	s_dirty
 2311              		.cfi_endproc
 2312              	.LFE249:
 2314              		.section	.text.display_set_auto_metrics,"ax",%progbits
 2315              		.align	1
 2316              		.global	display_set_auto_metrics
 2317              		.syntax unified
 2318              		.thumb
 2319              		.thumb_func
 2321              	display_set_auto_metrics:
 2322              	.LVL180:
 2323              	.LFB250:
 397:Core/Src/display.c **** 
 398:Core/Src/display.c **** void display_set_auto_metrics(float current_kN, float target_kN, float error_kN)
 399:Core/Src/display.c **** {
 2324              		.loc 1 399 1 is_stmt 1 view -0
 2325              		.cfi_startproc
 2326              		@ args = 0, pretend = 0, frame = 0
 2327              		@ frame_needed = 0, uses_anonymous_args = 0
 2328              		@ link register save eliminated.
 400:Core/Src/display.c ****     if (s_auto_force != current_kN || s_auto_target != target_kN || s_auto_error != error_kN) {
 2329              		.loc 1 400 5 view .LVU465
 2330              		.loc 1 400 22 is_stmt 0 view .LVU466
 2331 0000 144B     		ldr	r3, .L188
 2332 0002 D3ED007A 		vldr.32	s15, [r3]
 2333              		.loc 1 400 8 view .LVU467
 2334 0006 F4EE407A 		vcmp.f32	s15, s0
 2335 000a F1EE10FA 		vmrs	APSR_nzcv, FPSCR
 2336 000e 0FD1     		bne	.L185
 2337              		.loc 1 400 53 discriminator 1 view .LVU468
 2338 0010 114B     		ldr	r3, .L188+4
 2339 0012 D3ED007A 		vldr.32	s15, [r3]
 2340              		.loc 1 400 36 discriminator 1 view .LVU469
 2341 0016 F4EE607A 		vcmp.f32	s15, s1
 2342 001a F1EE10FA 		vmrs	APSR_nzcv, FPSCR
 2343 001e 07D1     		bne	.L185
 2344              		.loc 1 400 82 discriminator 2 view .LVU470
 2345 0020 0E4B     		ldr	r3, .L188+8
 2346 0022 D3ED007A 		vldr.32	s15, [r3]
 2347              		.loc 1 400 66 discriminator 2 view .LVU471
 2348 0026 F4EE417A 		vcmp.f32	s15, s2
 2349 002a F1EE10FA 		vmrs	APSR_nzcv, FPSCR
 2350 002e 0CD0     		beq	.L184
 2351              	.L185:
 401:Core/Src/display.c ****         s_auto_force  = current_kN;
 2352              		.loc 1 401 9 is_stmt 1 view .LVU472
 2353              		.loc 1 401 23 is_stmt 0 view .LVU473
 2354 0030 084B     		ldr	r3, .L188
 2355 0032 83ED000A 		vstr.32	s0, [r3]
 402:Core/Src/display.c ****         s_auto_target = target_kN;
ARM GAS  /tmp/ccUzjlCM.s 			page 53


 2356              		.loc 1 402 9 is_stmt 1 view .LVU474
 2357              		.loc 1 402 23 is_stmt 0 view .LVU475
 2358 0036 084B     		ldr	r3, .L188+4
 2359 0038 C3ED000A 		vstr.32	s1, [r3]
 403:Core/Src/display.c ****         s_auto_error  = error_kN;
 2360              		.loc 1 403 9 is_stmt 1 view .LVU476
 2361              		.loc 1 403 23 is_stmt 0 view .LVU477
 2362 003c 074B     		ldr	r3, .L188+8
 2363 003e 83ED001A 		vstr.32	s2, [r3]
 404:Core/Src/display.c ****         if (s_screen == SCREEN_AUTO) s_dirty = true;
 2364              		.loc 1 404 9 is_stmt 1 view .LVU478
 2365              		.loc 1 404 22 is_stmt 0 view .LVU479
 2366 0042 074B     		ldr	r3, .L188+12
 2367 0044 1B78     		ldrb	r3, [r3]	@ zero_extendqisi2
 2368              		.loc 1 404 12 view .LVU480
 2369 0046 012B     		cmp	r3, #1
 2370 0048 00D0     		beq	.L187
 2371              	.L184:
 405:Core/Src/display.c ****     }
 406:Core/Src/display.c **** }
 2372              		.loc 1 406 1 view .LVU481
 2373 004a 7047     		bx	lr
 2374              	.L187:
 404:Core/Src/display.c ****         if (s_screen == SCREEN_AUTO) s_dirty = true;
 2375              		.loc 1 404 38 is_stmt 1 discriminator 1 view .LVU482
 404:Core/Src/display.c ****         if (s_screen == SCREEN_AUTO) s_dirty = true;
 2376              		.loc 1 404 46 is_stmt 0 discriminator 1 view .LVU483
 2377 004c 054B     		ldr	r3, .L188+16
 2378 004e 0122     		movs	r2, #1
 2379 0050 1A70     		strb	r2, [r3]
 2380              		.loc 1 406 1 view .LVU484
 2381 0052 FAE7     		b	.L184
 2382              	.L189:
 2383              		.align	2
 2384              	.L188:
 2385 0054 00000000 		.word	s_auto_force
 2386 0058 00000000 		.word	s_auto_target
 2387 005c 00000000 		.word	s_auto_error
 2388 0060 00000000 		.word	s_screen
 2389 0064 00000000 		.word	s_dirty
 2390              		.cfi_endproc
 2391              	.LFE250:
 2393              		.section	.text.display_show_error,"ax",%progbits
 2394              		.align	1
 2395              		.global	display_show_error
 2396              		.syntax unified
 2397              		.thumb
 2398              		.thumb_func
 2400              	display_show_error:
 2401              	.LVL181:
 2402              	.LFB251:
 407:Core/Src/display.c **** 
 408:Core/Src/display.c **** void display_show_error(const char *msg)
 409:Core/Src/display.c **** {
 2403              		.loc 1 409 1 is_stmt 1 view -0
 2404              		.cfi_startproc
 2405              		@ args = 0, pretend = 0, frame = 0
ARM GAS  /tmp/ccUzjlCM.s 			page 54


 2406              		@ frame_needed = 0, uses_anonymous_args = 0
 2407              		.loc 1 409 1 is_stmt 0 view .LVU486
 2408 0000 10B5     		push	{r4, lr}
 2409              	.LCFI40:
 2410              		.cfi_def_cfa_offset 8
 2411              		.cfi_offset 4, -8
 2412              		.cfi_offset 14, -4
 2413 0002 0146     		mov	r1, r0
 410:Core/Src/display.c ****     strncpy(s_error_msg, msg, LCD_COLS);
 2414              		.loc 1 410 5 is_stmt 1 view .LVU487
 2415 0004 064C     		ldr	r4, .L192
 2416 0006 1422     		movs	r2, #20
 2417 0008 2046     		mov	r0, r4
 2418              	.LVL182:
 2419              		.loc 1 410 5 is_stmt 0 view .LVU488
 2420 000a FFF7FEFF 		bl	strncpy
 2421              	.LVL183:
 411:Core/Src/display.c ****     s_error_msg[LCD_COLS] = '\0';
 2422              		.loc 1 411 5 is_stmt 1 view .LVU489
 2423              		.loc 1 411 27 is_stmt 0 view .LVU490
 2424 000e 0023     		movs	r3, #0
 2425 0010 2375     		strb	r3, [r4, #20]
 412:Core/Src/display.c ****     display_set_screen(SCREEN_ERROR);
 2426              		.loc 1 412 5 is_stmt 1 view .LVU491
 2427 0012 0620     		movs	r0, #6
 2428 0014 FFF7FEFF 		bl	display_set_screen
 2429              	.LVL184:
 413:Core/Src/display.c ****     s_dirty = true;
 2430              		.loc 1 413 5 view .LVU492
 2431              		.loc 1 413 13 is_stmt 0 view .LVU493
 2432 0018 024B     		ldr	r3, .L192+4
 2433 001a 0122     		movs	r2, #1
 2434 001c 1A70     		strb	r2, [r3]
 414:Core/Src/display.c **** }
 2435              		.loc 1 414 1 view .LVU494
 2436 001e 10BD     		pop	{r4, pc}
 2437              	.L193:
 2438              		.align	2
 2439              	.L192:
 2440 0020 00000000 		.word	s_error_msg
 2441 0024 00000000 		.word	s_dirty
 2442              		.cfi_endproc
 2443              	.LFE251:
 2445              		.section	.text.display_set_calib_text,"ax",%progbits
 2446              		.align	1
 2447              		.global	display_set_calib_text
 2448              		.syntax unified
 2449              		.thumb
 2450              		.thumb_func
 2452              	display_set_calib_text:
 2453              	.LVL185:
 2454              	.LFB252:
 415:Core/Src/display.c **** 
 416:Core/Src/display.c **** void display_set_calib_text(uint8_t line, const char *text)
 417:Core/Src/display.c **** {
 2455              		.loc 1 417 1 is_stmt 1 view -0
 2456              		.cfi_startproc
ARM GAS  /tmp/ccUzjlCM.s 			page 55


 2457              		@ args = 0, pretend = 0, frame = 0
 2458              		@ frame_needed = 0, uses_anonymous_args = 0
 418:Core/Src/display.c ****     if (line >= LCD_ROWS) return;
 2459              		.loc 1 418 5 view .LVU496
 2460              		.loc 1 418 8 is_stmt 0 view .LVU497
 2461 0000 0328     		cmp	r0, #3
 2462 0002 00D9     		bls	.L200
 2463 0004 7047     		bx	lr
 2464              	.L200:
 417:Core/Src/display.c ****     if (line >= LCD_ROWS) return;
 2465              		.loc 1 417 1 view .LVU498
 2466 0006 10B5     		push	{r4, lr}
 2467              	.LCFI41:
 2468              		.cfi_def_cfa_offset 8
 2469              		.cfi_offset 4, -8
 2470              		.cfi_offset 14, -4
 419:Core/Src/display.c ****     strncpy(s_calib_lines[line], text, LCD_COLS);
 2471              		.loc 1 419 5 is_stmt 1 view .LVU499
 2472              		.loc 1 419 26 is_stmt 0 view .LVU500
 2473 0008 00EB4000 		add	r0, r0, r0, lsl #1
 2474              	.LVL186:
 2475              		.loc 1 419 26 view .LVU501
 2476 000c C0EBC000 		rsb	r0, r0, r0, lsl #3
 2477 0010 084C     		ldr	r4, .L202
 2478 0012 0444     		add	r4, r4, r0
 2479              		.loc 1 419 5 view .LVU502
 2480 0014 1422     		movs	r2, #20
 2481 0016 2046     		mov	r0, r4
 2482 0018 FFF7FEFF 		bl	strncpy
 2483              	.LVL187:
 420:Core/Src/display.c ****     s_calib_lines[line][LCD_COLS] = '\0';
 2484              		.loc 1 420 5 is_stmt 1 view .LVU503
 2485              		.loc 1 420 35 is_stmt 0 view .LVU504
 2486 001c 0023     		movs	r3, #0
 2487 001e 2375     		strb	r3, [r4, #20]
 421:Core/Src/display.c ****     if (s_screen == SCREEN_CALIBRATION) s_dirty = true;
 2488              		.loc 1 421 5 is_stmt 1 view .LVU505
 2489              		.loc 1 421 18 is_stmt 0 view .LVU506
 2490 0020 054B     		ldr	r3, .L202+4
 2491 0022 1B78     		ldrb	r3, [r3]	@ zero_extendqisi2
 2492              		.loc 1 421 8 view .LVU507
 2493 0024 042B     		cmp	r3, #4
 2494 0026 00D0     		beq	.L201
 2495              	.L194:
 422:Core/Src/display.c **** }
 2496              		.loc 1 422 1 view .LVU508
 2497 0028 10BD     		pop	{r4, pc}
 2498              	.L201:
 421:Core/Src/display.c ****     if (s_screen == SCREEN_CALIBRATION) s_dirty = true;
 2499              		.loc 1 421 41 is_stmt 1 discriminator 1 view .LVU509
 421:Core/Src/display.c ****     if (s_screen == SCREEN_CALIBRATION) s_dirty = true;
 2500              		.loc 1 421 49 is_stmt 0 discriminator 1 view .LVU510
 2501 002a 044B     		ldr	r3, .L202+8
 2502 002c 0122     		movs	r2, #1
 2503 002e 1A70     		strb	r2, [r3]
 2504 0030 FAE7     		b	.L194
 2505              	.L203:
ARM GAS  /tmp/ccUzjlCM.s 			page 56


 2506 0032 00BF     		.align	2
 2507              	.L202:
 2508 0034 00000000 		.word	s_calib_lines
 2509 0038 00000000 		.word	s_screen
 2510 003c 00000000 		.word	s_dirty
 2511              		.cfi_endproc
 2512              	.LFE252:
 2514              		.section	.text.display_settings_set_angle,"ax",%progbits
 2515              		.align	1
 2516              		.global	display_settings_set_angle
 2517              		.syntax unified
 2518              		.thumb
 2519              		.thumb_func
 2521              	display_settings_set_angle:
 2522              	.LVL188:
 2523              	.LFB253:
 423:Core/Src/display.c **** 
 424:Core/Src/display.c **** void display_settings_set_angle(float deg)
 425:Core/Src/display.c **** {
 2524              		.loc 1 425 1 is_stmt 1 view -0
 2525              		.cfi_startproc
 2526              		@ args = 0, pretend = 0, frame = 0
 2527              		@ frame_needed = 0, uses_anonymous_args = 0
 2528              		@ link register save eliminated.
 426:Core/Src/display.c ****     if (s_settings_angle != deg) {
 2529              		.loc 1 426 5 view .LVU512
 2530              		.loc 1 426 26 is_stmt 0 view .LVU513
 2531 0000 094B     		ldr	r3, .L207
 2532 0002 D3ED007A 		vldr.32	s15, [r3]
 2533              		.loc 1 426 8 view .LVU514
 2534 0006 F4EE407A 		vcmp.f32	s15, s0
 2535 000a F1EE10FA 		vmrs	APSR_nzcv, FPSCR
 2536 000e 05D0     		beq	.L204
 427:Core/Src/display.c ****         s_settings_angle = deg;
 2537              		.loc 1 427 9 is_stmt 1 view .LVU515
 2538              		.loc 1 427 26 is_stmt 0 view .LVU516
 2539 0010 83ED000A 		vstr.32	s0, [r3]
 428:Core/Src/display.c ****         if (s_screen == SCREEN_SETTINGS) s_dirty = true;
 2540              		.loc 1 428 9 is_stmt 1 view .LVU517
 2541              		.loc 1 428 22 is_stmt 0 view .LVU518
 2542 0014 054B     		ldr	r3, .L207+4
 2543 0016 1B78     		ldrb	r3, [r3]	@ zero_extendqisi2
 2544              		.loc 1 428 12 view .LVU519
 2545 0018 052B     		cmp	r3, #5
 2546 001a 00D0     		beq	.L206
 2547              	.L204:
 429:Core/Src/display.c ****     }
 430:Core/Src/display.c **** }
 2548              		.loc 1 430 1 view .LVU520
 2549 001c 7047     		bx	lr
 2550              	.L206:
 428:Core/Src/display.c ****         if (s_screen == SCREEN_SETTINGS) s_dirty = true;
 2551              		.loc 1 428 42 is_stmt 1 discriminator 1 view .LVU521
 428:Core/Src/display.c ****         if (s_screen == SCREEN_SETTINGS) s_dirty = true;
 2552              		.loc 1 428 50 is_stmt 0 discriminator 1 view .LVU522
 2553 001e 044B     		ldr	r3, .L207+8
 2554 0020 0122     		movs	r2, #1
ARM GAS  /tmp/ccUzjlCM.s 			page 57


 2555 0022 1A70     		strb	r2, [r3]
 2556              		.loc 1 430 1 view .LVU523
 2557 0024 FAE7     		b	.L204
 2558              	.L208:
 2559 0026 00BF     		.align	2
 2560              	.L207:
 2561 0028 00000000 		.word	s_settings_angle
 2562 002c 00000000 		.word	s_screen
 2563 0030 00000000 		.word	s_dirty
 2564              		.cfi_endproc
 2565              	.LFE253:
 2567              		.section	.text.display_set_active_preset,"ax",%progbits
 2568              		.align	1
 2569              		.global	display_set_active_preset
 2570              		.syntax unified
 2571              		.thumb
 2572              		.thumb_func
 2574              	display_set_active_preset:
 2575              	.LVL189:
 2576              	.LFB254:
 431:Core/Src/display.c **** 
 432:Core/Src/display.c **** void display_set_active_preset(int8_t idx)
 433:Core/Src/display.c **** {
 2577              		.loc 1 433 1 is_stmt 1 view -0
 2578              		.cfi_startproc
 2579              		@ args = 0, pretend = 0, frame = 0
 2580              		@ frame_needed = 0, uses_anonymous_args = 0
 2581              		.loc 1 433 1 is_stmt 0 view .LVU525
 2582 0000 08B5     		push	{r3, lr}
 2583              	.LCFI42:
 2584              		.cfi_def_cfa_offset 8
 2585              		.cfi_offset 3, -8
 2586              		.cfi_offset 14, -4
 434:Core/Src/display.c ****     s_active_preset = idx;
 2587              		.loc 1 434 5 is_stmt 1 view .LVU526
 2588              		.loc 1 434 21 is_stmt 0 view .LVU527
 2589 0002 074B     		ldr	r3, .L213
 2590 0004 1870     		strb	r0, [r3]
 435:Core/Src/display.c ****     if (s_screen == SCREEN_MAIN) {
 2591              		.loc 1 435 5 is_stmt 1 view .LVU528
 2592              		.loc 1 435 18 is_stmt 0 view .LVU529
 2593 0006 074B     		ldr	r3, .L213+4
 2594 0008 1B78     		ldrb	r3, [r3]	@ zero_extendqisi2
 2595              		.loc 1 435 8 view .LVU530
 2596 000a 03B1     		cbz	r3, .L212
 2597              	.LVL190:
 2598              	.L209:
 436:Core/Src/display.c ****         memset(s_lcd_buf, 0, sizeof(s_lcd_buf));  // примусово перемалювати р
 437:Core/Src/display.c ****         s_dirty = true;
 438:Core/Src/display.c ****     }
 439:Core/Src/display.c **** }
 2599              		.loc 1 439 1 view .LVU531
 2600 000c 08BD     		pop	{r3, pc}
 2601              	.LVL191:
 2602              	.L212:
 436:Core/Src/display.c ****         memset(s_lcd_buf, 0, sizeof(s_lcd_buf));  // примусово перемалювати р
 2603              		.loc 1 436 9 is_stmt 1 view .LVU532
ARM GAS  /tmp/ccUzjlCM.s 			page 58


 2604 000e 5422     		movs	r2, #84
 2605 0010 0021     		movs	r1, #0
 2606 0012 0548     		ldr	r0, .L213+8
 2607              	.LVL192:
 436:Core/Src/display.c ****         memset(s_lcd_buf, 0, sizeof(s_lcd_buf));  // примусово перемалювати р
 2608              		.loc 1 436 9 is_stmt 0 view .LVU533
 2609 0014 FFF7FEFF 		bl	memset
 2610              	.LVL193:
 437:Core/Src/display.c ****     }
 2611              		.loc 1 437 9 is_stmt 1 view .LVU534
 437:Core/Src/display.c ****     }
 2612              		.loc 1 437 17 is_stmt 0 view .LVU535
 2613 0018 044B     		ldr	r3, .L213+12
 2614 001a 0122     		movs	r2, #1
 2615 001c 1A70     		strb	r2, [r3]
 2616              		.loc 1 439 1 view .LVU536
 2617 001e F5E7     		b	.L209
 2618              	.L214:
 2619              		.align	2
 2620              	.L213:
 2621 0020 00000000 		.word	s_active_preset
 2622 0024 00000000 		.word	s_screen
 2623 0028 00000000 		.word	s_lcd_buf
 2624 002c 00000000 		.word	s_dirty
 2625              		.cfi_endproc
 2626              	.LFE254:
 2628              		.section	.text.display_menu_next,"ax",%progbits
 2629              		.align	1
 2630              		.global	display_menu_next
 2631              		.syntax unified
 2632              		.thumb
 2633              		.thumb_func
 2635              	display_menu_next:
 2636              	.LFB255:
 440:Core/Src/display.c **** 
 441:Core/Src/display.c **** void display_menu_next(void)
 442:Core/Src/display.c **** {
 2637              		.loc 1 442 1 is_stmt 1 view -0
 2638              		.cfi_startproc
 2639              		@ args = 0, pretend = 0, frame = 0
 2640              		@ frame_needed = 0, uses_anonymous_args = 0
 2641              		@ link register save eliminated.
 443:Core/Src/display.c ****     if (s_menu_item < MENU_ITEMS - 1) {
 2642              		.loc 1 443 5 view .LVU538
 2643              		.loc 1 443 21 is_stmt 0 view .LVU539
 2644 0000 074B     		ldr	r3, .L218
 2645 0002 1B78     		ldrb	r3, [r3]	@ zero_extendqisi2
 2646              		.loc 1 443 8 view .LVU540
 2647 0004 032B     		cmp	r3, #3
 2648 0006 06D8     		bhi	.L215
 444:Core/Src/display.c ****         s_menu_item++;
 2649              		.loc 1 444 9 is_stmt 1 view .LVU541
 2650              		.loc 1 444 20 is_stmt 0 view .LVU542
 2651 0008 0133     		adds	r3, r3, #1
 2652 000a 054A     		ldr	r2, .L218
 2653 000c 1370     		strb	r3, [r2]
 445:Core/Src/display.c ****         if (s_screen == SCREEN_MENU) s_dirty = true;
ARM GAS  /tmp/ccUzjlCM.s 			page 59


 2654              		.loc 1 445 9 is_stmt 1 view .LVU543
 2655              		.loc 1 445 22 is_stmt 0 view .LVU544
 2656 000e 054B     		ldr	r3, .L218+4
 2657 0010 1B78     		ldrb	r3, [r3]	@ zero_extendqisi2
 2658              		.loc 1 445 12 view .LVU545
 2659 0012 022B     		cmp	r3, #2
 2660 0014 00D0     		beq	.L217
 2661              	.L215:
 446:Core/Src/display.c ****     }
 447:Core/Src/display.c **** }
 2662              		.loc 1 447 1 view .LVU546
 2663 0016 7047     		bx	lr
 2664              	.L217:
 445:Core/Src/display.c ****         if (s_screen == SCREEN_MENU) s_dirty = true;
 2665              		.loc 1 445 38 is_stmt 1 discriminator 1 view .LVU547
 445:Core/Src/display.c ****         if (s_screen == SCREEN_MENU) s_dirty = true;
 2666              		.loc 1 445 46 is_stmt 0 discriminator 1 view .LVU548
 2667 0018 034B     		ldr	r3, .L218+8
 2668 001a 0122     		movs	r2, #1
 2669 001c 1A70     		strb	r2, [r3]
 2670              		.loc 1 447 1 view .LVU549
 2671 001e FAE7     		b	.L215
 2672              	.L219:
 2673              		.align	2
 2674              	.L218:
 2675 0020 00000000 		.word	s_menu_item
 2676 0024 00000000 		.word	s_screen
 2677 0028 00000000 		.word	s_dirty
 2678              		.cfi_endproc
 2679              	.LFE255:
 2681              		.section	.text.display_menu_prev,"ax",%progbits
 2682              		.align	1
 2683              		.global	display_menu_prev
 2684              		.syntax unified
 2685              		.thumb
 2686              		.thumb_func
 2688              	display_menu_prev:
 2689              	.LFB256:
 448:Core/Src/display.c **** 
 449:Core/Src/display.c **** void display_menu_prev(void)
 450:Core/Src/display.c **** {
 2690              		.loc 1 450 1 is_stmt 1 view -0
 2691              		.cfi_startproc
 2692              		@ args = 0, pretend = 0, frame = 0
 2693              		@ frame_needed = 0, uses_anonymous_args = 0
 2694              		@ link register save eliminated.
 451:Core/Src/display.c ****     if (s_menu_item > 0) {
 2695              		.loc 1 451 5 view .LVU551
 2696              		.loc 1 451 21 is_stmt 0 view .LVU552
 2697 0000 074B     		ldr	r3, .L223
 2698 0002 1B78     		ldrb	r3, [r3]	@ zero_extendqisi2
 2699              		.loc 1 451 8 view .LVU553
 2700 0004 33B1     		cbz	r3, .L220
 452:Core/Src/display.c ****         s_menu_item--;
 2701              		.loc 1 452 9 is_stmt 1 view .LVU554
 2702              		.loc 1 452 20 is_stmt 0 view .LVU555
 2703 0006 013B     		subs	r3, r3, #1
ARM GAS  /tmp/ccUzjlCM.s 			page 60


 2704 0008 054A     		ldr	r2, .L223
 2705 000a 1370     		strb	r3, [r2]
 453:Core/Src/display.c ****         if (s_screen == SCREEN_MENU) s_dirty = true;
 2706              		.loc 1 453 9 is_stmt 1 view .LVU556
 2707              		.loc 1 453 22 is_stmt 0 view .LVU557
 2708 000c 054B     		ldr	r3, .L223+4
 2709 000e 1B78     		ldrb	r3, [r3]	@ zero_extendqisi2
 2710              		.loc 1 453 12 view .LVU558
 2711 0010 022B     		cmp	r3, #2
 2712 0012 00D0     		beq	.L222
 2713              	.L220:
 454:Core/Src/display.c ****     }
 455:Core/Src/display.c **** }
 2714              		.loc 1 455 1 view .LVU559
 2715 0014 7047     		bx	lr
 2716              	.L222:
 453:Core/Src/display.c ****         if (s_screen == SCREEN_MENU) s_dirty = true;
 2717              		.loc 1 453 38 is_stmt 1 discriminator 1 view .LVU560
 453:Core/Src/display.c ****         if (s_screen == SCREEN_MENU) s_dirty = true;
 2718              		.loc 1 453 46 is_stmt 0 discriminator 1 view .LVU561
 2719 0016 044B     		ldr	r3, .L223+8
 2720 0018 0122     		movs	r2, #1
 2721 001a 1A70     		strb	r2, [r3]
 2722              		.loc 1 455 1 view .LVU562
 2723 001c FAE7     		b	.L220
 2724              	.L224:
 2725 001e 00BF     		.align	2
 2726              	.L223:
 2727 0020 00000000 		.word	s_menu_item
 2728 0024 00000000 		.word	s_screen
 2729 0028 00000000 		.word	s_dirty
 2730              		.cfi_endproc
 2731              	.LFE256:
 2733              		.section	.text.display_menu_select,"ax",%progbits
 2734              		.align	1
 2735              		.global	display_menu_select
 2736              		.syntax unified
 2737              		.thumb
 2738              		.thumb_func
 2740              	display_menu_select:
 2741              	.LFB257:
 456:Core/Src/display.c **** 
 457:Core/Src/display.c **** void display_menu_select(void)
 458:Core/Src/display.c **** {
 2742              		.loc 1 458 1 is_stmt 1 view -0
 2743              		.cfi_startproc
 2744              		@ args = 0, pretend = 0, frame = 0
 2745              		@ frame_needed = 0, uses_anonymous_args = 0
 2746              		@ link register save eliminated.
 459:Core/Src/display.c ****     (void)0;
 2747              		.loc 1 459 5 view .LVU564
 460:Core/Src/display.c **** }
 2748              		.loc 1 460 1 is_stmt 0 view .LVU565
 2749 0000 7047     		bx	lr
 2750              		.cfi_endproc
 2751              	.LFE257:
 2753              		.section	.text.display_menu_get_item,"ax",%progbits
ARM GAS  /tmp/ccUzjlCM.s 			page 61


 2754              		.align	1
 2755              		.global	display_menu_get_item
 2756              		.syntax unified
 2757              		.thumb
 2758              		.thumb_func
 2760              	display_menu_get_item:
 2761              	.LFB258:
 461:Core/Src/display.c **** 
 462:Core/Src/display.c **** uint8_t display_menu_get_item(void)
 463:Core/Src/display.c **** {
 2762              		.loc 1 463 1 is_stmt 1 view -0
 2763              		.cfi_startproc
 2764              		@ args = 0, pretend = 0, frame = 0
 2765              		@ frame_needed = 0, uses_anonymous_args = 0
 2766              		@ link register save eliminated.
 464:Core/Src/display.c ****     return s_menu_item;
 2767              		.loc 1 464 5 view .LVU567
 465:Core/Src/display.c **** }
 2768              		.loc 1 465 1 is_stmt 0 view .LVU568
 2769 0000 014B     		ldr	r3, .L227
 2770 0002 1878     		ldrb	r0, [r3]	@ zero_extendqisi2
 2771 0004 7047     		bx	lr
 2772              	.L228:
 2773 0006 00BF     		.align	2
 2774              	.L227:
 2775 0008 00000000 		.word	s_menu_item
 2776              		.cfi_endproc
 2777              	.LFE258:
 2779              		.section	.text.display_preset_scroll,"ax",%progbits
 2780              		.align	1
 2781              		.global	display_preset_scroll
 2782              		.syntax unified
 2783              		.thumb
 2784              		.thumb_func
 2786              	display_preset_scroll:
 2787              	.LVL194:
 2788              	.LFB259:
 466:Core/Src/display.c **** 
 467:Core/Src/display.c **** void display_preset_scroll(int8_t delta)
 468:Core/Src/display.c **** {
 2789              		.loc 1 468 1 is_stmt 1 view -0
 2790              		.cfi_startproc
 2791              		@ args = 0, pretend = 0, frame = 0
 2792              		@ frame_needed = 0, uses_anonymous_args = 0
 2793              		@ link register save eliminated.
 469:Core/Src/display.c ****     if (delta > 0 && s_preset_item < PRESET_COUNT - 1) {
 2794              		.loc 1 469 5 view .LVU570
 2795              		.loc 1 469 8 is_stmt 0 view .LVU571
 2796 0000 0028     		cmp	r0, #0
 2797              		.loc 1 469 8 view .LVU572
 2798 0002 07DD     		ble	.L230
 2799              		.loc 1 469 36 discriminator 1 view .LVU573
 2800 0004 0D4B     		ldr	r3, .L235
 2801 0006 1B78     		ldrb	r3, [r3]	@ zero_extendqisi2
 2802              		.loc 1 469 19 discriminator 1 view .LVU574
 2803 0008 032B     		cmp	r3, #3
 2804 000a 03D8     		bhi	.L230
ARM GAS  /tmp/ccUzjlCM.s 			page 62


 470:Core/Src/display.c ****         s_preset_item++;
 2805              		.loc 1 470 9 is_stmt 1 view .LVU575
 2806              		.loc 1 470 22 is_stmt 0 view .LVU576
 2807 000c 0133     		adds	r3, r3, #1
 2808 000e 0B4A     		ldr	r2, .L235
 2809 0010 1370     		strb	r3, [r2]
 2810 0012 01E0     		b	.L231
 2811              	.L230:
 471:Core/Src/display.c ****     } else if (delta < 0 && s_preset_item > 0) {
 2812              		.loc 1 471 12 is_stmt 1 view .LVU577
 2813              		.loc 1 471 15 is_stmt 0 view .LVU578
 2814 0014 0028     		cmp	r0, #0
 2815 0016 04DB     		blt	.L233
 2816              	.L231:
 472:Core/Src/display.c ****         s_preset_item--;
 473:Core/Src/display.c ****     }
 474:Core/Src/display.c ****     if (s_screen == SCREEN_PRESET) s_dirty = true;
 2817              		.loc 1 474 5 is_stmt 1 view .LVU579
 2818              		.loc 1 474 18 is_stmt 0 view .LVU580
 2819 0018 094B     		ldr	r3, .L235+4
 2820 001a 1B78     		ldrb	r3, [r3]	@ zero_extendqisi2
 2821              		.loc 1 474 8 view .LVU581
 2822 001c 032B     		cmp	r3, #3
 2823 001e 08D0     		beq	.L234
 2824              	.L229:
 475:Core/Src/display.c **** }
 2825              		.loc 1 475 1 view .LVU582
 2826 0020 7047     		bx	lr
 2827              	.L233:
 471:Core/Src/display.c ****     } else if (delta < 0 && s_preset_item > 0) {
 2828              		.loc 1 471 43 discriminator 1 view .LVU583
 2829 0022 064B     		ldr	r3, .L235
 2830 0024 1B78     		ldrb	r3, [r3]	@ zero_extendqisi2
 471:Core/Src/display.c ****     } else if (delta < 0 && s_preset_item > 0) {
 2831              		.loc 1 471 26 discriminator 1 view .LVU584
 2832 0026 002B     		cmp	r3, #0
 2833 0028 F6D0     		beq	.L231
 472:Core/Src/display.c ****         s_preset_item--;
 2834              		.loc 1 472 9 is_stmt 1 view .LVU585
 472:Core/Src/display.c ****         s_preset_item--;
 2835              		.loc 1 472 22 is_stmt 0 view .LVU586
 2836 002a 013B     		subs	r3, r3, #1
 2837 002c 034A     		ldr	r2, .L235
 2838 002e 1370     		strb	r3, [r2]
 2839 0030 F2E7     		b	.L231
 2840              	.L234:
 474:Core/Src/display.c **** }
 2841              		.loc 1 474 36 is_stmt 1 discriminator 1 view .LVU587
 474:Core/Src/display.c **** }
 2842              		.loc 1 474 44 is_stmt 0 discriminator 1 view .LVU588
 2843 0032 044B     		ldr	r3, .L235+8
 2844 0034 0122     		movs	r2, #1
 2845 0036 1A70     		strb	r2, [r3]
 2846              		.loc 1 475 1 view .LVU589
 2847 0038 F2E7     		b	.L229
 2848              	.L236:
 2849 003a 00BF     		.align	2
ARM GAS  /tmp/ccUzjlCM.s 			page 63


 2850              	.L235:
 2851 003c 00000000 		.word	s_preset_item
 2852 0040 00000000 		.word	s_screen
 2853 0044 00000000 		.word	s_dirty
 2854              		.cfi_endproc
 2855              	.LFE259:
 2857              		.section	.text.display_preset_get_item,"ax",%progbits
 2858              		.align	1
 2859              		.global	display_preset_get_item
 2860              		.syntax unified
 2861              		.thumb
 2862              		.thumb_func
 2864              	display_preset_get_item:
 2865              	.LFB260:
 476:Core/Src/display.c **** 
 477:Core/Src/display.c **** uint8_t display_preset_get_item(void)
 478:Core/Src/display.c **** {
 2866              		.loc 1 478 1 is_stmt 1 view -0
 2867              		.cfi_startproc
 2868              		@ args = 0, pretend = 0, frame = 0
 2869              		@ frame_needed = 0, uses_anonymous_args = 0
 2870              		@ link register save eliminated.
 479:Core/Src/display.c ****     return s_preset_item;
 2871              		.loc 1 479 5 view .LVU591
 480:Core/Src/display.c **** }
 2872              		.loc 1 480 1 is_stmt 0 view .LVU592
 2873 0000 014B     		ldr	r3, .L238
 2874 0002 1878     		ldrb	r0, [r3]	@ zero_extendqisi2
 2875 0004 7047     		bx	lr
 2876              	.L239:
 2877 0006 00BF     		.align	2
 2878              	.L238:
 2879 0008 00000000 		.word	s_preset_item
 2880              		.cfi_endproc
 2881              	.LFE260:
 2883              		.section	.rodata.str1.4,"aMS",%progbits,1
 2884              		.align	2
 2885              	.LC31:
 2886 0000 312E4175 		.ascii	"1.Auto force\000"
 2886      746F2066 
 2886      6F726365 
 2886      00
 2887 000d 000000   		.align	2
 2888              	.LC32:
 2889 0010 322E5072 		.ascii	"2.Presets\000"
 2889      65736574 
 2889      7300
 2890 001a 0000     		.align	2
 2891              	.LC33:
 2892 001c 332E4361 		.ascii	"3.Calibration\000"
 2892      6C696272 
 2892      6174696F 
 2892      6E00
 2893 002a 0000     		.align	2
 2894              	.LC34:
 2895 002c 342E5365 		.ascii	"4.Settings\000"
 2895      7474696E 
ARM GAS  /tmp/ccUzjlCM.s 			page 64


 2895      677300
 2896 0037 00       		.align	2
 2897              	.LC35:
 2898 0038 352E4D61 		.ascii	"5.Manual + zero\000"
 2898      6E75616C 
 2898      202B207A 
 2898      65726F00 
 2899              		.section	.rodata.MENU_LABELS,"a"
 2900              		.align	2
 2903              	MENU_LABELS:
 2904 0000 00000000 		.word	.LC31
 2905 0004 10000000 		.word	.LC32
 2906 0008 1C000000 		.word	.LC33
 2907 000c 2C000000 		.word	.LC34
 2908 0010 38000000 		.word	.LC35
 2909              		.section	.data.s_settings_angle,"aw"
 2910              		.align	2
 2913              	s_settings_angle:
 2914 0000 0000B442 		.word	1119092736
 2915              		.section	.bss.s_blink_tick,"aw",%nobits
 2918              	s_blink_tick:
 2919 0000 00       		.space	1
 2920              		.section	.bss.s_error_msg,"aw",%nobits
 2921              		.align	2
 2924              	s_error_msg:
 2925 0000 00000000 		.space	21
 2925      00000000 
 2925      00000000 
 2925      00000000 
 2925      00000000 
 2926              		.section	.bss.s_calib_lines,"aw",%nobits
 2927              		.align	2
 2930              	s_calib_lines:
 2931 0000 00000000 		.space	84
 2931      00000000 
 2931      00000000 
 2931      00000000 
 2931      00000000 
 2932              		.section	.bss.s_new_buf,"aw",%nobits
 2933              		.align	2
 2936              	s_new_buf:
 2937 0000 00000000 		.space	84
 2937      00000000 
 2937      00000000 
 2937      00000000 
 2937      00000000 
 2938              		.section	.bss.s_lcd_buf,"aw",%nobits
 2939              		.align	2
 2942              	s_lcd_buf:
 2943 0000 00000000 		.space	84
 2943      00000000 
 2943      00000000 
 2943      00000000 
 2943      00000000 
 2944              		.section	.data.s_active_preset,"aw"
 2947              	s_active_preset:
 2948 0000 FF       		.byte	-1
ARM GAS  /tmp/ccUzjlCM.s 			page 65


 2949              		.section	.bss.s_preset_item,"aw",%nobits
 2952              	s_preset_item:
 2953 0000 00       		.space	1
 2954              		.section	.bss.s_menu_item,"aw",%nobits
 2957              	s_menu_item:
 2958 0000 00       		.space	1
 2959              		.section	.data.s_dirty,"aw"
 2962              	s_dirty:
 2963 0000 01       		.byte	1
 2964              		.section	.bss.s_auto_error,"aw",%nobits
 2965              		.align	2
 2968              	s_auto_error:
 2969 0000 00000000 		.space	4
 2970              		.section	.data.s_auto_target,"aw"
 2971              		.align	2
 2974              	s_auto_target:
 2975 0000 00000C41 		.word	1091305472
 2976              		.section	.bss.s_auto_force,"aw",%nobits
 2977              		.align	2
 2980              	s_auto_force:
 2981 0000 00000000 		.space	4
 2982              		.section	.bss.s_motion_speed,"aw",%nobits
 2983              		.align	1
 2986              	s_motion_speed:
 2987 0000 0000     		.space	2
 2988              		.section	.bss.s_motion_mode,"aw",%nobits
 2991              	s_motion_mode:
 2992 0000 00       		.space	1
 2993              		.section	.bss.s_angle_reached,"aw",%nobits
 2996              	s_angle_reached:
 2997 0000 00       		.space	1
 2998              		.section	.data.s_angle_target,"aw"
 2999              		.align	2
 3002              	s_angle_target:
 3003 0000 0000B442 		.word	1119092736
 3004              		.section	.bss.s_angle_current,"aw",%nobits
 3005              		.align	2
 3008              	s_angle_current:
 3009 0000 00000000 		.space	4
 3010              		.section	.data.s_target,"aw"
 3011              		.align	2
 3014              	s_target:
 3015 0000 00000C41 		.word	1091305472
 3016              		.section	.bss.s_force,"aw",%nobits
 3017              		.align	2
 3020              	s_force:
 3021 0000 00000000 		.space	4
 3022              		.section	.bss.s_screen,"aw",%nobits
 3025              	s_screen:
 3026 0000 00       		.space	1
 3027              		.section	.rodata.ROW_ADDR,"a"
 3028              		.align	2
 3031              	ROW_ADDR:
 3032 0000 00401454 		.ascii	"\000@\024T"
 3033              		.text
 3034              	.Letext0:
 3035              		.file 2 "/home/alpri/st/stm32cubeclt_1.21.0/GNU-tools-for-STM32/arm-none-eabi/include/machine/_def
ARM GAS  /tmp/ccUzjlCM.s 			page 66


 3036              		.file 3 "/home/alpri/st/stm32cubeclt_1.21.0/GNU-tools-for-STM32/arm-none-eabi/include/sys/_stdint.
 3037              		.file 4 "Core/Inc/display.h"
 3038              		.file 5 "Drivers/CMSIS/Device/ST/STM32F4xx/Include/stm32f411xe.h"
 3039              		.file 6 "/home/alpri/st/stm32cubeclt_1.21.0/GNU-tools-for-STM32/lib/gcc/arm-none-eabi/14.3.1/inclu
 3040              		.file 7 "Drivers/STM32F4xx_HAL_Driver/Inc/stm32f4xx_hal_def.h"
 3041              		.file 8 "Drivers/STM32F4xx_HAL_Driver/Inc/stm32f4xx_hal_dma.h"
 3042              		.file 9 "Drivers/STM32F4xx_HAL_Driver/Inc/stm32f4xx_hal_i2c.h"
 3043              		.file 10 "Core/Inc/preset.h"
 3044              		.file 11 "Core/Inc/i2c.h"
 3045              		.file 12 "/home/alpri/st/stm32cubeclt_1.21.0/GNU-tools-for-STM32/arm-none-eabi/include/string.h"
 3046              		.file 13 "/home/alpri/st/stm32cubeclt_1.21.0/GNU-tools-for-STM32/arm-none-eabi/include/stdio.h"
 3047              		.file 14 "<built-in>"
 3048              		.file 15 "Drivers/STM32F4xx_HAL_Driver/Inc/stm32f4xx_hal.h"
ARM GAS  /tmp/ccUzjlCM.s 			page 67


DEFINED SYMBOLS
                            *ABS*:00000000 display.c
     /tmp/ccUzjlCM.s:21     .text.pcf_write:00000000 $t
     /tmp/ccUzjlCM.s:26     .text.pcf_write:00000000 pcf_write
     /tmp/ccUzjlCM.s:62     .text.pcf_write:00000020 $d
     /tmp/ccUzjlCM.s:67     .text.lcd_nibble:00000000 $t
     /tmp/ccUzjlCM.s:72     .text.lcd_nibble:00000000 lcd_nibble
     /tmp/ccUzjlCM.s:106    .text.lcd_byte:00000000 $t
     /tmp/ccUzjlCM.s:111    .text.lcd_byte:00000000 lcd_byte
     /tmp/ccUzjlCM.s:147    .text.lcd_cmd:00000000 $t
     /tmp/ccUzjlCM.s:152    .text.lcd_cmd:00000000 lcd_cmd
     /tmp/ccUzjlCM.s:175    .text.lcd_set_cursor:00000000 $t
     /tmp/ccUzjlCM.s:180    .text.lcd_set_cursor:00000000 lcd_set_cursor
     /tmp/ccUzjlCM.s:213    .text.lcd_set_cursor:00000018 $d
     /tmp/ccUzjlCM.s:3031   .rodata.ROW_ADDR:00000000 ROW_ADDR
     /tmp/ccUzjlCM.s:218    .text.lcd_data:00000000 $t
     /tmp/ccUzjlCM.s:223    .text.lcd_data:00000000 lcd_data
     /tmp/ccUzjlCM.s:246    .text.lcd_print:00000000 $t
     /tmp/ccUzjlCM.s:251    .text.lcd_print:00000000 lcd_print
     /tmp/ccUzjlCM.s:289    .text.lcd_hw_init:00000000 $t
     /tmp/ccUzjlCM.s:294    .text.lcd_hw_init:00000000 lcd_hw_init
     /tmp/ccUzjlCM.s:383    .rodata.format_range_kN.str1.4:00000000 $d
     /tmp/ccUzjlCM.s:390    .text.format_range_kN:00000000 $t
     /tmp/ccUzjlCM.s:395    .text.format_range_kN:00000000 format_range_kN
     /tmp/ccUzjlCM.s:478    .text.format_range_kN:00000068 $d
     /tmp/ccUzjlCM.s:484    .text.make_line_padded:00000000 $t
     /tmp/ccUzjlCM.s:489    .text.make_line_padded:00000000 make_line_padded
     /tmp/ccUzjlCM.s:560    .rodata.build_screen_auto.str1.4:00000000 $d
     /tmp/ccUzjlCM.s:603    .text.build_screen_auto:00000000 $t
     /tmp/ccUzjlCM.s:608    .text.build_screen_auto:00000000 build_screen_auto
     /tmp/ccUzjlCM.s:652    .text.build_screen_auto:00000020 $d
     /tmp/ccUzjlCM.s:661    .text.build_screen_auto:00000028 $t
     /tmp/ccUzjlCM.s:818    .text.build_screen_auto:000000d4 $d
     /tmp/ccUzjlCM.s:2991   .bss.s_motion_mode:00000000 s_motion_mode
     /tmp/ccUzjlCM.s:2986   .bss.s_motion_speed:00000000 s_motion_speed
     /tmp/ccUzjlCM.s:2936   .bss.s_new_buf:00000000 s_new_buf
     /tmp/ccUzjlCM.s:2980   .bss.s_auto_force:00000000 s_auto_force
     /tmp/ccUzjlCM.s:2968   .bss.s_auto_error:00000000 s_auto_error
     /tmp/ccUzjlCM.s:2974   .data.s_auto_target:00000000 s_auto_target
     /tmp/ccUzjlCM.s:843    .rodata.build_screen_menu.str1.4:00000000 $d
     /tmp/ccUzjlCM.s:853    .text.build_screen_menu:00000000 $t
     /tmp/ccUzjlCM.s:858    .text.build_screen_menu:00000000 build_screen_menu
     /tmp/ccUzjlCM.s:993    .text.build_screen_menu:0000007c $d
     /tmp/ccUzjlCM.s:2903   .rodata.MENU_LABELS:00000000 MENU_LABELS
     /tmp/ccUzjlCM.s:2957   .bss.s_menu_item:00000000 s_menu_item
     /tmp/ccUzjlCM.s:1003   .rodata.build_screen_preset.str1.4:00000000 $d
     /tmp/ccUzjlCM.s:1010   .text.build_screen_preset:00000000 $t
     /tmp/ccUzjlCM.s:1015   .text.build_screen_preset:00000000 build_screen_preset
     /tmp/ccUzjlCM.s:1186   .text.build_screen_preset:000000a8 $d
     /tmp/ccUzjlCM.s:2952   .bss.s_preset_item:00000000 s_preset_item
     /tmp/ccUzjlCM.s:1196   .text.build_screen_calib:00000000 $t
     /tmp/ccUzjlCM.s:1201   .text.build_screen_calib:00000000 build_screen_calib
     /tmp/ccUzjlCM.s:1248   .text.build_screen_calib:00000024 $d
     /tmp/ccUzjlCM.s:2930   .bss.s_calib_lines:00000000 s_calib_lines
     /tmp/ccUzjlCM.s:1254   .rodata.build_screen_settings.str1.4:00000000 $d
     /tmp/ccUzjlCM.s:1264   .text.build_screen_settings:00000000 $t
     /tmp/ccUzjlCM.s:1269   .text.build_screen_settings:00000000 build_screen_settings
ARM GAS  /tmp/ccUzjlCM.s 			page 68


     /tmp/ccUzjlCM.s:1327   .text.build_screen_settings:00000048 $d
     /tmp/ccUzjlCM.s:2913   .data.s_settings_angle:00000000 s_settings_angle
     /tmp/ccUzjlCM.s:1337   .rodata.build_screen_error.str1.4:00000000 $d
     /tmp/ccUzjlCM.s:1344   .text.build_screen_error:00000000 $t
     /tmp/ccUzjlCM.s:1349   .text.build_screen_error:00000000 build_screen_error
     /tmp/ccUzjlCM.s:1386   .text.build_screen_error:0000002c $d
     /tmp/ccUzjlCM.s:2924   .bss.s_error_msg:00000000 s_error_msg
     /tmp/ccUzjlCM.s:1395   .rodata.build_screen_main.str1.4:00000000 $d
     /tmp/ccUzjlCM.s:1411   .text.build_screen_main:00000000 $t
     /tmp/ccUzjlCM.s:1416   .text.build_screen_main:00000000 build_screen_main
     /tmp/ccUzjlCM.s:1552   .text.build_screen_main:000000c2 $d
     /tmp/ccUzjlCM.s:1560   .text.build_screen_main:000000ca $t
     /tmp/ccUzjlCM.s:1667   .text.build_screen_main:00000124 $d
     /tmp/ccUzjlCM.s:2947   .data.s_active_preset:00000000 s_active_preset
     /tmp/ccUzjlCM.s:3014   .data.s_target:00000000 s_target
     /tmp/ccUzjlCM.s:3020   .bss.s_force:00000000 s_force
     /tmp/ccUzjlCM.s:2918   .bss.s_blink_tick:00000000 s_blink_tick
     /tmp/ccUzjlCM.s:2996   .bss.s_angle_reached:00000000 s_angle_reached
     /tmp/ccUzjlCM.s:3002   .data.s_angle_target:00000000 s_angle_target
     /tmp/ccUzjlCM.s:3008   .bss.s_angle_current:00000000 s_angle_current
     /tmp/ccUzjlCM.s:1699   .text.flush_screen:00000000 $t
     /tmp/ccUzjlCM.s:1704   .text.flush_screen:00000000 flush_screen
     /tmp/ccUzjlCM.s:1788   .text.flush_screen:00000064 $d
     /tmp/ccUzjlCM.s:2942   .bss.s_lcd_buf:00000000 s_lcd_buf
     /tmp/ccUzjlCM.s:1794   .text.display_init:00000000 $t
     /tmp/ccUzjlCM.s:1800   .text.display_init:00000000 display_init
     /tmp/ccUzjlCM.s:1852   .text.display_init:00000040 $d
     /tmp/ccUzjlCM.s:2962   .data.s_dirty:00000000 s_dirty
     /tmp/ccUzjlCM.s:1861   .text.display_update:00000000 $t
     /tmp/ccUzjlCM.s:1867   .text.display_update:00000000 display_update
     /tmp/ccUzjlCM.s:1896   .text.display_update:0000001a $d
     /tmp/ccUzjlCM.s:1968   .text.display_update:00000058 $d
     /tmp/ccUzjlCM.s:3025   .bss.s_screen:00000000 s_screen
     /tmp/ccUzjlCM.s:1974   .text.display_get_screen:00000000 $t
     /tmp/ccUzjlCM.s:1980   .text.display_get_screen:00000000 display_get_screen
     /tmp/ccUzjlCM.s:1995   .text.display_get_screen:00000008 $d
     /tmp/ccUzjlCM.s:2000   .text.display_set_screen:00000000 $t
     /tmp/ccUzjlCM.s:2006   .text.display_set_screen:00000000 display_set_screen
     /tmp/ccUzjlCM.s:2064   .text.display_set_screen:00000030 $d
     /tmp/ccUzjlCM.s:2072   .text.display_set_force:00000000 $t
     /tmp/ccUzjlCM.s:2078   .text.display_set_force:00000000 display_set_force
     /tmp/ccUzjlCM.s:2127   .text.display_set_force:0000003c $d
     /tmp/ccUzjlCM.s:2135   .text.display_set_angle:00000000 $t
     /tmp/ccUzjlCM.s:2141   .text.display_set_angle:00000000 display_set_angle
     /tmp/ccUzjlCM.s:2200   .text.display_set_angle:00000048 $d
     /tmp/ccUzjlCM.s:2209   .text.display_set_motion_mode:00000000 $t
     /tmp/ccUzjlCM.s:2215   .text.display_set_motion_mode:00000000 display_set_motion_mode
     /tmp/ccUzjlCM.s:2255   .text.display_set_motion_mode:00000020 $d
     /tmp/ccUzjlCM.s:2262   .text.display_set_motion_speed:00000000 $t
     /tmp/ccUzjlCM.s:2268   .text.display_set_motion_speed:00000000 display_set_motion_speed
     /tmp/ccUzjlCM.s:2308   .text.display_set_motion_speed:00000020 $d
     /tmp/ccUzjlCM.s:2315   .text.display_set_auto_metrics:00000000 $t
     /tmp/ccUzjlCM.s:2321   .text.display_set_auto_metrics:00000000 display_set_auto_metrics
     /tmp/ccUzjlCM.s:2385   .text.display_set_auto_metrics:00000054 $d
     /tmp/ccUzjlCM.s:2394   .text.display_show_error:00000000 $t
     /tmp/ccUzjlCM.s:2400   .text.display_show_error:00000000 display_show_error
     /tmp/ccUzjlCM.s:2440   .text.display_show_error:00000020 $d
ARM GAS  /tmp/ccUzjlCM.s 			page 69


     /tmp/ccUzjlCM.s:2446   .text.display_set_calib_text:00000000 $t
     /tmp/ccUzjlCM.s:2452   .text.display_set_calib_text:00000000 display_set_calib_text
     /tmp/ccUzjlCM.s:2508   .text.display_set_calib_text:00000034 $d
     /tmp/ccUzjlCM.s:2515   .text.display_settings_set_angle:00000000 $t
     /tmp/ccUzjlCM.s:2521   .text.display_settings_set_angle:00000000 display_settings_set_angle
     /tmp/ccUzjlCM.s:2561   .text.display_settings_set_angle:00000028 $d
     /tmp/ccUzjlCM.s:2568   .text.display_set_active_preset:00000000 $t
     /tmp/ccUzjlCM.s:2574   .text.display_set_active_preset:00000000 display_set_active_preset
     /tmp/ccUzjlCM.s:2621   .text.display_set_active_preset:00000020 $d
     /tmp/ccUzjlCM.s:2629   .text.display_menu_next:00000000 $t
     /tmp/ccUzjlCM.s:2635   .text.display_menu_next:00000000 display_menu_next
     /tmp/ccUzjlCM.s:2675   .text.display_menu_next:00000020 $d
     /tmp/ccUzjlCM.s:2682   .text.display_menu_prev:00000000 $t
     /tmp/ccUzjlCM.s:2688   .text.display_menu_prev:00000000 display_menu_prev
     /tmp/ccUzjlCM.s:2727   .text.display_menu_prev:00000020 $d
     /tmp/ccUzjlCM.s:2734   .text.display_menu_select:00000000 $t
     /tmp/ccUzjlCM.s:2740   .text.display_menu_select:00000000 display_menu_select
     /tmp/ccUzjlCM.s:2754   .text.display_menu_get_item:00000000 $t
     /tmp/ccUzjlCM.s:2760   .text.display_menu_get_item:00000000 display_menu_get_item
     /tmp/ccUzjlCM.s:2775   .text.display_menu_get_item:00000008 $d
     /tmp/ccUzjlCM.s:2780   .text.display_preset_scroll:00000000 $t
     /tmp/ccUzjlCM.s:2786   .text.display_preset_scroll:00000000 display_preset_scroll
     /tmp/ccUzjlCM.s:2851   .text.display_preset_scroll:0000003c $d
     /tmp/ccUzjlCM.s:2858   .text.display_preset_get_item:00000000 $t
     /tmp/ccUzjlCM.s:2864   .text.display_preset_get_item:00000000 display_preset_get_item
     /tmp/ccUzjlCM.s:2879   .text.display_preset_get_item:00000008 $d
     /tmp/ccUzjlCM.s:2884   .rodata.str1.4:00000000 $d
     /tmp/ccUzjlCM.s:2900   .rodata.MENU_LABELS:00000000 $d
     /tmp/ccUzjlCM.s:2910   .data.s_settings_angle:00000000 $d
     /tmp/ccUzjlCM.s:2919   .bss.s_blink_tick:00000000 $d
     /tmp/ccUzjlCM.s:2921   .bss.s_error_msg:00000000 $d
     /tmp/ccUzjlCM.s:2927   .bss.s_calib_lines:00000000 $d
     /tmp/ccUzjlCM.s:2933   .bss.s_new_buf:00000000 $d
     /tmp/ccUzjlCM.s:2939   .bss.s_lcd_buf:00000000 $d
     /tmp/ccUzjlCM.s:2953   .bss.s_preset_item:00000000 $d
     /tmp/ccUzjlCM.s:2958   .bss.s_menu_item:00000000 $d
     /tmp/ccUzjlCM.s:2965   .bss.s_auto_error:00000000 $d
     /tmp/ccUzjlCM.s:2971   .data.s_auto_target:00000000 $d
     /tmp/ccUzjlCM.s:2977   .bss.s_auto_force:00000000 $d
     /tmp/ccUzjlCM.s:2983   .bss.s_motion_speed:00000000 $d
     /tmp/ccUzjlCM.s:2992   .bss.s_motion_mode:00000000 $d
     /tmp/ccUzjlCM.s:2997   .bss.s_angle_reached:00000000 $d
     /tmp/ccUzjlCM.s:2999   .data.s_angle_target:00000000 $d
     /tmp/ccUzjlCM.s:3005   .bss.s_angle_current:00000000 $d
     /tmp/ccUzjlCM.s:3011   .data.s_target:00000000 $d
     /tmp/ccUzjlCM.s:3017   .bss.s_force:00000000 $d
     /tmp/ccUzjlCM.s:3026   .bss.s_screen:00000000 $d
     /tmp/ccUzjlCM.s:3028   .rodata.ROW_ADDR:00000000 $d
     /tmp/ccUzjlCM.s:1903   .text.display_update:00000021 $d
     /tmp/ccUzjlCM.s:1903   .text.display_update:00000022 $t

UNDEFINED SYMBOLS
HAL_I2C_Master_Transmit
hi2c1
HAL_Delay
__aeabi_f2d
snprintf
ARM GAS  /tmp/ccUzjlCM.s 			page 70


strlen
memcpy
g_presets
memcmp
memset
strncpy
