ARM GAS  /tmp/cczpAYQF.s 			page 1


   1              		.cpu cortex-m4
   2              		.arch armv7e-m
   3              		.fpu fpv4-sp-d16
   4              		.eabi_attribute 27, 1
   5              		.eabi_attribute 28, 1
   6              		.eabi_attribute 20, 1
   7              		.eabi_attribute 21, 1
   8              		.eabi_attribute 23, 3
   9              		.eabi_attribute 24, 1
  10              		.eabi_attribute 25, 1
  11              		.eabi_attribute 26, 1
  12              		.eabi_attribute 30, 1
  13              		.eabi_attribute 34, 1
  14              		.eabi_attribute 18, 4
  15              		.file	"input.c"
  16              		.text
  17              	.Ltext0:
  18              		.cfi_sections	.debug_frame
  19              		.file 1 "Core/Src/input.c"
  20              		.section	.text.debounce_tick,"ax",%progbits
  21              		.align	1
  22              		.syntax unified
  23              		.thumb
  24              		.thumb_func
  26              	debounce_tick:
  27              	.LVL0:
  28              	.LFB220:
   1:Core/Src/input.c **** #include "input.h"
   2:Core/Src/input.c **** #include "main.h"
   3:Core/Src/input.c **** #include "config.h"
   4:Core/Src/input.c **** 
   5:Core/Src/input.c **** // ===== Антидребезг =====
   6:Core/Src/input.c **** 
   7:Core/Src/input.c **** typedef struct {
   8:Core/Src/input.c ****     uint8_t  counter;    // лічильник мс утримання
   9:Core/Src/input.c ****     bool     state;      // поточний підтверджений стан (true = натис
  10:Core/Src/input.c **** } DebounceBtn_t;
  11:Core/Src/input.c **** 
  12:Core/Src/input.c **** static DebounceBtn_t s_joy_up;
  13:Core/Src/input.c **** static DebounceBtn_t s_joy_down;
  14:Core/Src/input.c **** static DebounceBtn_t s_enc_sw;
  15:Core/Src/input.c **** static uint8_t       s_debounce_subtick = 0;
  16:Core/Src/input.c **** 
  17:Core/Src/input.c **** // Енкодер
  18:Core/Src/input.c **** static volatile int8_t s_enc_delta  = 0;   // накопичені кроки
  19:Core/Src/input.c **** static volatile bool   s_stop_flag  = false;
  20:Core/Src/input.c **** static volatile bool   s_enc_sw_pressed_flag  = false;
  21:Core/Src/input.c **** static volatile bool   s_enc_sw_released_flag = false;
  22:Core/Src/input.c **** 
  23:Core/Src/input.c **** 
  24:Core/Src/input.c **** // ===== Приватні функції =====
  25:Core/Src/input.c **** 
  26:Core/Src/input.c **** static void debounce_tick(DebounceBtn_t *btn, bool raw_pressed)
  27:Core/Src/input.c **** {
  29              		.loc 1 27 1 view -0
  30              		.cfi_startproc
  31              		@ args = 0, pretend = 0, frame = 0
ARM GAS  /tmp/cczpAYQF.s 			page 2


  32              		@ frame_needed = 0, uses_anonymous_args = 0
  33              		@ link register save eliminated.
  28:Core/Src/input.c ****     if (raw_pressed) {
  34              		.loc 1 28 5 view .LVU1
  35              		.loc 1 28 8 is_stmt 0 view .LVU2
  36 0000 29B1     		cbz	r1, .L2
  29:Core/Src/input.c ****         if (btn->counter < DEBOUNCE_MS) {
  37              		.loc 1 29 9 is_stmt 1 view .LVU3
  38              		.loc 1 29 16 is_stmt 0 view .LVU4
  39 0002 0378     		ldrb	r3, [r0]	@ zero_extendqisi2
  40              		.loc 1 29 12 view .LVU5
  41 0004 132B     		cmp	r3, #19
  42 0006 04D8     		bhi	.L3
  30:Core/Src/input.c ****             btn->counter++;
  43              		.loc 1 30 13 is_stmt 1 view .LVU6
  44              		.loc 1 30 25 is_stmt 0 view .LVU7
  45 0008 0133     		adds	r3, r3, #1
  46 000a 0370     		strb	r3, [r0]
  47 000c 01E0     		b	.L3
  48              	.L2:
  31:Core/Src/input.c ****         }
  32:Core/Src/input.c ****     } else {
  33:Core/Src/input.c ****         btn->counter = 0;
  49              		.loc 1 33 9 is_stmt 1 view .LVU8
  50              		.loc 1 33 22 is_stmt 0 view .LVU9
  51 000e 0023     		movs	r3, #0
  52 0010 0370     		strb	r3, [r0]
  53              	.L3:
  34:Core/Src/input.c ****     }
  35:Core/Src/input.c ****     btn->state = (btn->counter >= DEBOUNCE_MS);
  54              		.loc 1 35 5 is_stmt 1 view .LVU10
  55              		.loc 1 35 22 is_stmt 0 view .LVU11
  56 0012 0378     		ldrb	r3, [r0]	@ zero_extendqisi2
  57              		.loc 1 35 5 view .LVU12
  58 0014 132B     		cmp	r3, #19
  59 0016 94BF     		ite	ls
  60 0018 0023     		movls	r3, #0
  61 001a 0123     		movhi	r3, #1
  62              		.loc 1 35 16 view .LVU13
  63 001c 4370     		strb	r3, [r0, #1]
  36:Core/Src/input.c **** }
  64              		.loc 1 36 1 view .LVU14
  65 001e 7047     		bx	lr
  66              		.cfi_endproc
  67              	.LFE220:
  69              		.section	.text.input_init,"ax",%progbits
  70              		.align	1
  71              		.global	input_init
  72              		.syntax unified
  73              		.thumb
  74              		.thumb_func
  76              	input_init:
  77              	.LFB221:
  37:Core/Src/input.c **** 
  38:Core/Src/input.c **** // ===== Публічні функції =====
  39:Core/Src/input.c **** 
  40:Core/Src/input.c **** void input_init(void)
ARM GAS  /tmp/cczpAYQF.s 			page 3


  41:Core/Src/input.c **** {
  78              		.loc 1 41 1 is_stmt 1 view -0
  79              		.cfi_startproc
  80              		@ args = 0, pretend = 0, frame = 0
  81              		@ frame_needed = 0, uses_anonymous_args = 0
  82              		@ link register save eliminated.
  42:Core/Src/input.c ****     s_joy_up  = (DebounceBtn_t){0};
  83              		.loc 1 42 5 view .LVU16
  84              		.loc 1 42 15 is_stmt 0 view .LVU17
  85 0000 0023     		movs	r3, #0
  86 0002 084A     		ldr	r2, .L5
  87 0004 1380     		strh	r3, [r2]	@ movhi
  43:Core/Src/input.c ****     s_joy_down = (DebounceBtn_t){0};
  88              		.loc 1 43 5 is_stmt 1 view .LVU18
  89              		.loc 1 43 16 is_stmt 0 view .LVU19
  90 0006 084A     		ldr	r2, .L5+4
  91 0008 1380     		strh	r3, [r2]	@ movhi
  44:Core/Src/input.c ****     s_enc_sw  = (DebounceBtn_t){0};
  92              		.loc 1 44 5 is_stmt 1 view .LVU20
  93              		.loc 1 44 15 is_stmt 0 view .LVU21
  94 000a 084A     		ldr	r2, .L5+8
  95 000c 1380     		strh	r3, [r2]	@ movhi
  45:Core/Src/input.c ****     s_enc_delta = 0;
  96              		.loc 1 45 5 is_stmt 1 view .LVU22
  97              		.loc 1 45 17 is_stmt 0 view .LVU23
  98 000e 084A     		ldr	r2, .L5+12
  99 0010 1370     		strb	r3, [r2]
  46:Core/Src/input.c ****     s_stop_flag = false;
 100              		.loc 1 46 5 is_stmt 1 view .LVU24
 101              		.loc 1 46 17 is_stmt 0 view .LVU25
 102 0012 084A     		ldr	r2, .L5+16
 103 0014 1370     		strb	r3, [r2]
  47:Core/Src/input.c ****     s_enc_sw_pressed_flag = false;
 104              		.loc 1 47 5 is_stmt 1 view .LVU26
 105              		.loc 1 47 27 is_stmt 0 view .LVU27
 106 0016 084A     		ldr	r2, .L5+20
 107 0018 1370     		strb	r3, [r2]
  48:Core/Src/input.c ****     s_enc_sw_released_flag = false;
 108              		.loc 1 48 5 is_stmt 1 view .LVU28
 109              		.loc 1 48 28 is_stmt 0 view .LVU29
 110 001a 084A     		ldr	r2, .L5+24
 111 001c 1370     		strb	r3, [r2]
  49:Core/Src/input.c ****     s_debounce_subtick = 0;
 112              		.loc 1 49 5 is_stmt 1 view .LVU30
 113              		.loc 1 49 24 is_stmt 0 view .LVU31
 114 001e 084A     		ldr	r2, .L5+28
 115 0020 1370     		strb	r3, [r2]
  50:Core/Src/input.c **** }
 116              		.loc 1 50 1 view .LVU32
 117 0022 7047     		bx	lr
 118              	.L6:
 119              		.align	2
 120              	.L5:
 121 0024 00000000 		.word	s_joy_up
 122 0028 00000000 		.word	s_joy_down
 123 002c 00000000 		.word	s_enc_sw
 124 0030 00000000 		.word	s_enc_delta
ARM GAS  /tmp/cczpAYQF.s 			page 4


 125 0034 00000000 		.word	s_stop_flag
 126 0038 00000000 		.word	s_enc_sw_pressed_flag
 127 003c 00000000 		.word	s_enc_sw_released_flag
 128 0040 00000000 		.word	s_debounce_subtick
 129              		.cfi_endproc
 130              	.LFE221:
 132              		.section	.text.input_debounce_tick,"ax",%progbits
 133              		.align	1
 134              		.global	input_debounce_tick
 135              		.syntax unified
 136              		.thumb
 137              		.thumb_func
 139              	input_debounce_tick:
 140              	.LFB222:
  51:Core/Src/input.c **** 
  52:Core/Src/input.c **** void input_debounce_tick(void)
  53:Core/Src/input.c **** {
 141              		.loc 1 53 1 is_stmt 1 view -0
 142              		.cfi_startproc
 143              		@ args = 0, pretend = 0, frame = 0
 144              		@ frame_needed = 0, uses_anonymous_args = 0
 145 0000 70B5     		push	{r4, r5, r6, lr}
 146              	.LCFI0:
 147              		.cfi_def_cfa_offset 16
 148              		.cfi_offset 4, -16
 149              		.cfi_offset 5, -12
 150              		.cfi_offset 6, -8
 151              		.cfi_offset 14, -4
  54:Core/Src/input.c ****     // Encoder CLK polling at the control timer rate (100us) with 50-tick (5ms) debounce.
  55:Core/Src/input.c ****     // Static locals are ISR-only: no concurrent access with main loop writers.
  56:Core/Src/input.c ****     static bool     clk_prev = true;   // pull-up idle = HIGH
 152              		.loc 1 56 5 view .LVU34
  57:Core/Src/input.c ****     static uint16_t deb_ctr  = 0;      // countdown; 0 = ready to accept next edge
 153              		.loc 1 57 5 view .LVU35
  58:Core/Src/input.c **** 
  59:Core/Src/input.c ****     bool clk_now = (HAL_GPIO_ReadPin(ENC_CLK_GPIO_Port, ENC_CLK_Pin) == GPIO_PIN_SET);
 154              		.loc 1 59 5 view .LVU36
 155              		.loc 1 59 21 is_stmt 0 view .LVU37
 156 0002 4FF48061 		mov	r1, #1024
 157 0006 3648     		ldr	r0, .L18
 158 0008 FFF7FEFF 		bl	HAL_GPIO_ReadPin
 159              	.LVL1:
 160              		.loc 1 59 10 discriminator 1 view .LVU38
 161 000c 0128     		cmp	r0, #1
 162 000e 14BF     		ite	ne
 163 0010 0024     		movne	r4, #0
 164 0012 0124     		moveq	r4, #1
 165              	.LVL2:
  60:Core/Src/input.c ****     if (deb_ctr > 0U) deb_ctr--;
 166              		.loc 1 60 5 is_stmt 1 view .LVU39
 167              		.loc 1 60 17 is_stmt 0 view .LVU40
 168 0014 334B     		ldr	r3, .L18+4
 169 0016 1B88     		ldrh	r3, [r3]
 170              		.loc 1 60 8 view .LVU41
 171 0018 13B1     		cbz	r3, .L8
 172              		.loc 1 60 23 is_stmt 1 discriminator 1 view .LVU42
 173              		.loc 1 60 30 is_stmt 0 discriminator 1 view .LVU43
ARM GAS  /tmp/cczpAYQF.s 			page 5


 174 001a 013B     		subs	r3, r3, #1
 175 001c 314A     		ldr	r2, .L18+4
 176 001e 1380     		strh	r3, [r2]	@ movhi
 177              	.L8:
  61:Core/Src/input.c ****     if (!clk_now && clk_prev && (deb_ctr == 0U)) {
 178              		.loc 1 61 5 is_stmt 1 view .LVU44
 179              		.loc 1 61 8 is_stmt 0 view .LVU45
 180 0020 0128     		cmp	r0, #1
 181 0022 05D0     		beq	.L9
 182              		.loc 1 61 18 discriminator 1 view .LVU46
 183 0024 304B     		ldr	r3, .L18+8
 184 0026 1B78     		ldrb	r3, [r3]	@ zero_extendqisi2
 185 0028 13B1     		cbz	r3, .L9
 186              		.loc 1 61 42 discriminator 2 view .LVU47
 187 002a 2E4B     		ldr	r3, .L18+4
 188 002c 1B88     		ldrh	r3, [r3]
 189              		.loc 1 61 30 discriminator 2 view .LVU48
 190 002e 4BB1     		cbz	r3, .L15
 191              	.L9:
  62:Core/Src/input.c ****         bool dt = (HAL_GPIO_ReadPin(ENC_DT_GPIO_Port, ENC_DT_Pin) == GPIO_PIN_SET);
  63:Core/Src/input.c ****         // KY-040: CLK falls first (DT still HIGH) → CW; DT already LOW → CCW
  64:Core/Src/input.c ****         if (dt) s_enc_delta++;
  65:Core/Src/input.c ****         else    s_enc_delta--;
  66:Core/Src/input.c ****         deb_ctr = (uint16_t)(5000U / CONTROL_TIM_TICK_US);  // 5ms debounce window
  67:Core/Src/input.c ****     }
  68:Core/Src/input.c ****     clk_prev = clk_now;
 192              		.loc 1 68 5 is_stmt 1 view .LVU49
 193              		.loc 1 68 14 is_stmt 0 view .LVU50
 194 0030 2D4B     		ldr	r3, .L18+8
 195 0032 1C70     		strb	r4, [r3]
  69:Core/Src/input.c **** 
  70:Core/Src/input.c ****     s_debounce_subtick++;
 196              		.loc 1 70 5 is_stmt 1 view .LVU51
 197              		.loc 1 70 23 is_stmt 0 view .LVU52
 198 0034 2D4A     		ldr	r2, .L18+12
 199 0036 1378     		ldrb	r3, [r2]	@ zero_extendqisi2
 200 0038 0133     		adds	r3, r3, #1
 201 003a DBB2     		uxtb	r3, r3
 202 003c 1370     		strb	r3, [r2]
  71:Core/Src/input.c ****     if (s_debounce_subtick < (1000U / CONTROL_TIM_TICK_US)) {
 203              		.loc 1 71 5 is_stmt 1 view .LVU53
 204              		.loc 1 71 8 is_stmt 0 view .LVU54
 205 003e 092B     		cmp	r3, #9
 206 0040 17D8     		bhi	.L16
 207              	.LVL3:
 208              	.L7:
  72:Core/Src/input.c ****         return;
  73:Core/Src/input.c ****     }
  74:Core/Src/input.c ****     s_debounce_subtick = 0;
  75:Core/Src/input.c **** 
  76:Core/Src/input.c ****     bool enc_prev = s_enc_sw.state;
  77:Core/Src/input.c **** 
  78:Core/Src/input.c ****     // LOW = натиснуто (pull-up + active-low)
  79:Core/Src/input.c ****     debounce_tick(&s_joy_up,   HAL_GPIO_ReadPin(JOY_UP_GPIO_Port,   JOY_UP_Pin)   == GPIO_PIN_RESET
  80:Core/Src/input.c ****     debounce_tick(&s_joy_down, HAL_GPIO_ReadPin(JOY_DOWN_GPIO_Port, JOY_DOWN_Pin) == GPIO_PIN_RESET
  81:Core/Src/input.c ****     debounce_tick(&s_enc_sw,   HAL_GPIO_ReadPin(ENC_SW_GPIO_Port,   ENC_SW_Pin)   == GPIO_PIN_RESET
  82:Core/Src/input.c **** 
ARM GAS  /tmp/cczpAYQF.s 			page 6


  83:Core/Src/input.c ****     if (!enc_prev && s_enc_sw.state) {
  84:Core/Src/input.c ****         s_enc_sw_pressed_flag = true;
  85:Core/Src/input.c ****     } else if (enc_prev && !s_enc_sw.state) {
  86:Core/Src/input.c ****         s_enc_sw_released_flag = true;
  87:Core/Src/input.c ****     }
  88:Core/Src/input.c **** }
 209              		.loc 1 88 1 view .LVU55
 210 0042 70BD     		pop	{r4, r5, r6, pc}
 211              	.LVL4:
 212              	.L15:
 213              	.LBB14:
  62:Core/Src/input.c ****         // KY-040: CLK falls first (DT still HIGH) → CW; DT already LOW → CCW
 214              		.loc 1 62 9 is_stmt 1 view .LVU56
  62:Core/Src/input.c ****         // KY-040: CLK falls first (DT still HIGH) → CW; DT already LOW → CCW
 215              		.loc 1 62 20 is_stmt 0 view .LVU57
 216 0044 0221     		movs	r1, #2
 217 0046 2648     		ldr	r0, .L18
 218 0048 FFF7FEFF 		bl	HAL_GPIO_ReadPin
 219              	.LVL5:
  64:Core/Src/input.c ****         else    s_enc_delta--;
 220              		.loc 1 64 9 is_stmt 1 view .LVU58
  64:Core/Src/input.c ****         else    s_enc_delta--;
 221              		.loc 1 64 12 is_stmt 0 view .LVU59
 222 004c 0128     		cmp	r0, #1
 223 004e 09D0     		beq	.L17
  65:Core/Src/input.c ****         deb_ctr = (uint16_t)(5000U / CONTROL_TIM_TICK_US);  // 5ms debounce window
 224              		.loc 1 65 17 is_stmt 1 view .LVU60
  65:Core/Src/input.c ****         deb_ctr = (uint16_t)(5000U / CONTROL_TIM_TICK_US);  // 5ms debounce window
 225              		.loc 1 65 28 is_stmt 0 view .LVU61
 226 0050 274A     		ldr	r2, .L18+16
 227 0052 1378     		ldrb	r3, [r2]	@ zero_extendqisi2
 228 0054 5BB2     		sxtb	r3, r3
 229 0056 013B     		subs	r3, r3, #1
 230 0058 5BB2     		sxtb	r3, r3
 231 005a 1370     		strb	r3, [r2]
 232              	.L11:
  66:Core/Src/input.c ****     }
 233              		.loc 1 66 9 is_stmt 1 view .LVU62
  66:Core/Src/input.c ****     }
 234              		.loc 1 66 17 is_stmt 0 view .LVU63
 235 005c 214B     		ldr	r3, .L18+4
 236 005e 3222     		movs	r2, #50
 237 0060 1A80     		strh	r2, [r3]	@ movhi
 238 0062 E5E7     		b	.L9
 239              	.L17:
  64:Core/Src/input.c ****         else    s_enc_delta--;
 240              		.loc 1 64 17 is_stmt 1 discriminator 1 view .LVU64
  64:Core/Src/input.c ****         else    s_enc_delta--;
 241              		.loc 1 64 28 is_stmt 0 discriminator 1 view .LVU65
 242 0064 224A     		ldr	r2, .L18+16
 243 0066 1378     		ldrb	r3, [r2]	@ zero_extendqisi2
 244 0068 5BB2     		sxtb	r3, r3
 245 006a 0133     		adds	r3, r3, #1
 246 006c 5BB2     		sxtb	r3, r3
 247 006e 1370     		strb	r3, [r2]
 248 0070 F4E7     		b	.L11
 249              	.LVL6:
ARM GAS  /tmp/cczpAYQF.s 			page 7


 250              	.L16:
  64:Core/Src/input.c ****         else    s_enc_delta--;
 251              		.loc 1 64 28 discriminator 1 view .LVU66
 252              	.LBE14:
  74:Core/Src/input.c **** 
 253              		.loc 1 74 5 is_stmt 1 view .LVU67
  74:Core/Src/input.c **** 
 254              		.loc 1 74 24 is_stmt 0 view .LVU68
 255 0072 1346     		mov	r3, r2
 256 0074 0022     		movs	r2, #0
 257 0076 1A70     		strb	r2, [r3]
  76:Core/Src/input.c **** 
 258              		.loc 1 76 5 is_stmt 1 view .LVU69
  76:Core/Src/input.c **** 
 259              		.loc 1 76 10 is_stmt 0 view .LVU70
 260 0078 1E4C     		ldr	r4, .L18+20
 261              	.LVL7:
  76:Core/Src/input.c **** 
 262              		.loc 1 76 10 view .LVU71
 263 007a 6678     		ldrb	r6, [r4, #1]	@ zero_extendqisi2
 264              	.LVL8:
  79:Core/Src/input.c ****     debounce_tick(&s_joy_down, HAL_GPIO_ReadPin(JOY_DOWN_GPIO_Port, JOY_DOWN_Pin) == GPIO_PIN_RESET
 265              		.loc 1 79 5 is_stmt 1 view .LVU72
  79:Core/Src/input.c ****     debounce_tick(&s_joy_down, HAL_GPIO_ReadPin(JOY_DOWN_GPIO_Port, JOY_DOWN_Pin) == GPIO_PIN_RESET
 266              		.loc 1 79 32 is_stmt 0 view .LVU73
 267 007c 1E4D     		ldr	r5, .L18+24
 268 007e 4FF40071 		mov	r1, #512
 269 0082 2846     		mov	r0, r5
 270 0084 FFF7FEFF 		bl	HAL_GPIO_ReadPin
 271              	.LVL9:
  79:Core/Src/input.c ****     debounce_tick(&s_joy_down, HAL_GPIO_ReadPin(JOY_DOWN_GPIO_Port, JOY_DOWN_Pin) == GPIO_PIN_RESET
 272              		.loc 1 79 5 discriminator 1 view .LVU74
 273 0088 B0FA80F1 		clz	r1, r0
 274 008c 4909     		lsrs	r1, r1, #5
 275 008e 1B48     		ldr	r0, .L18+28
 276 0090 FFF7FEFF 		bl	debounce_tick
 277              	.LVL10:
  80:Core/Src/input.c ****     debounce_tick(&s_enc_sw,   HAL_GPIO_ReadPin(ENC_SW_GPIO_Port,   ENC_SW_Pin)   == GPIO_PIN_RESET
 278              		.loc 1 80 5 is_stmt 1 view .LVU75
  80:Core/Src/input.c ****     debounce_tick(&s_enc_sw,   HAL_GPIO_ReadPin(ENC_SW_GPIO_Port,   ENC_SW_Pin)   == GPIO_PIN_RESET
 279              		.loc 1 80 32 is_stmt 0 view .LVU76
 280 0094 4FF48061 		mov	r1, #1024
 281 0098 2846     		mov	r0, r5
 282 009a FFF7FEFF 		bl	HAL_GPIO_ReadPin
 283              	.LVL11:
  80:Core/Src/input.c ****     debounce_tick(&s_enc_sw,   HAL_GPIO_ReadPin(ENC_SW_GPIO_Port,   ENC_SW_Pin)   == GPIO_PIN_RESET
 284              		.loc 1 80 5 discriminator 1 view .LVU77
 285 009e B0FA80F1 		clz	r1, r0
 286 00a2 4909     		lsrs	r1, r1, #5
 287 00a4 1648     		ldr	r0, .L18+32
 288 00a6 FFF7FEFF 		bl	debounce_tick
 289              	.LVL12:
  81:Core/Src/input.c **** 
 290              		.loc 1 81 5 is_stmt 1 view .LVU78
  81:Core/Src/input.c **** 
 291              		.loc 1 81 32 is_stmt 0 view .LVU79
 292 00aa 0421     		movs	r1, #4
ARM GAS  /tmp/cczpAYQF.s 			page 8


 293 00ac 0C48     		ldr	r0, .L18
 294 00ae FFF7FEFF 		bl	HAL_GPIO_ReadPin
 295              	.LVL13:
  81:Core/Src/input.c **** 
 296              		.loc 1 81 5 discriminator 1 view .LVU80
 297 00b2 B0FA80F1 		clz	r1, r0
 298 00b6 4909     		lsrs	r1, r1, #5
 299 00b8 2046     		mov	r0, r4
 300 00ba FFF7FEFF 		bl	debounce_tick
 301              	.LVL14:
  83:Core/Src/input.c ****         s_enc_sw_pressed_flag = true;
 302              		.loc 1 83 5 is_stmt 1 view .LVU81
  83:Core/Src/input.c ****         s_enc_sw_pressed_flag = true;
 303              		.loc 1 83 8 is_stmt 0 view .LVU82
 304 00be 36B9     		cbnz	r6, .L13
  83:Core/Src/input.c ****         s_enc_sw_pressed_flag = true;
 305              		.loc 1 83 30 discriminator 1 view .LVU83
 306 00c0 6378     		ldrb	r3, [r4, #1]	@ zero_extendqisi2
  83:Core/Src/input.c ****         s_enc_sw_pressed_flag = true;
 307              		.loc 1 83 19 discriminator 1 view .LVU84
 308 00c2 002B     		cmp	r3, #0
 309 00c4 BDD0     		beq	.L7
  84:Core/Src/input.c ****     } else if (enc_prev && !s_enc_sw.state) {
 310              		.loc 1 84 9 is_stmt 1 view .LVU85
  84:Core/Src/input.c ****     } else if (enc_prev && !s_enc_sw.state) {
 311              		.loc 1 84 31 is_stmt 0 view .LVU86
 312 00c6 0F4B     		ldr	r3, .L18+36
 313 00c8 0122     		movs	r2, #1
 314 00ca 1A70     		strb	r2, [r3]
 315 00cc B9E7     		b	.L7
 316              	.L13:
  85:Core/Src/input.c ****         s_enc_sw_released_flag = true;
 317              		.loc 1 85 37 discriminator 1 view .LVU87
 318 00ce 094B     		ldr	r3, .L18+20
 319 00d0 5B78     		ldrb	r3, [r3, #1]	@ zero_extendqisi2
  85:Core/Src/input.c ****         s_enc_sw_released_flag = true;
 320              		.loc 1 85 25 discriminator 1 view .LVU88
 321 00d2 002B     		cmp	r3, #0
 322 00d4 B5D1     		bne	.L7
  86:Core/Src/input.c ****     }
 323              		.loc 1 86 9 is_stmt 1 view .LVU89
  86:Core/Src/input.c ****     }
 324              		.loc 1 86 32 is_stmt 0 view .LVU90
 325 00d6 0C4B     		ldr	r3, .L18+40
 326 00d8 0122     		movs	r2, #1
 327 00da 1A70     		strb	r2, [r3]
 328 00dc B1E7     		b	.L7
 329              	.L19:
 330 00de 00BF     		.align	2
 331              	.L18:
 332 00e0 00040240 		.word	1073873920
 333 00e4 00000000 		.word	deb_ctr.1
 334 00e8 00000000 		.word	clk_prev.0
 335 00ec 00000000 		.word	s_debounce_subtick
 336 00f0 00000000 		.word	s_enc_delta
 337 00f4 00000000 		.word	s_enc_sw
 338 00f8 00000240 		.word	1073872896
ARM GAS  /tmp/cczpAYQF.s 			page 9


 339 00fc 00000000 		.word	s_joy_up
 340 0100 00000000 		.word	s_joy_down
 341 0104 00000000 		.word	s_enc_sw_pressed_flag
 342 0108 00000000 		.word	s_enc_sw_released_flag
 343              		.cfi_endproc
 344              	.LFE222:
 346              		.section	.text.input_enc_isr,"ax",%progbits
 347              		.align	1
 348              		.global	input_enc_isr
 349              		.syntax unified
 350              		.thumb
 351              		.thumb_func
 353              	input_enc_isr:
 354              	.LFB223:
  89:Core/Src/input.c **** 
  90:Core/Src/input.c **** // Викликається з EXTI ISR на falling edge ENC_CLK
  91:Core/Src/input.c **** void input_enc_isr(void)
  92:Core/Src/input.c **** {
 355              		.loc 1 92 1 is_stmt 1 view -0
 356              		.cfi_startproc
 357              		@ args = 0, pretend = 0, frame = 0
 358              		@ frame_needed = 0, uses_anonymous_args = 0
 359 0000 08B5     		push	{r3, lr}
 360              	.LCFI1:
 361              		.cfi_def_cfa_offset 8
 362              		.cfi_offset 3, -8
 363              		.cfi_offset 14, -4
  93:Core/Src/input.c ****     // KY-040: якщо DT=HIGH при CLK=FALLING → за годинниковою стрілко
  94:Core/Src/input.c ****     //         якщо DT=LOW  при CLK=FALLING → проти годинникової стрі
  95:Core/Src/input.c ****     if (HAL_GPIO_ReadPin(ENC_DT_GPIO_Port, ENC_DT_Pin) == GPIO_PIN_SET) {
 364              		.loc 1 95 5 view .LVU92
 365              		.loc 1 95 9 is_stmt 0 view .LVU93
 366 0002 0221     		movs	r1, #2
 367 0004 0948     		ldr	r0, .L25
 368 0006 FFF7FEFF 		bl	HAL_GPIO_ReadPin
 369              	.LVL15:
 370              		.loc 1 95 8 discriminator 1 view .LVU94
 371 000a 0128     		cmp	r0, #1
 372 000c 06D0     		beq	.L24
  96:Core/Src/input.c ****         s_enc_delta++;
  97:Core/Src/input.c ****     } else {
  98:Core/Src/input.c ****         s_enc_delta--;
 373              		.loc 1 98 9 is_stmt 1 view .LVU95
 374              		.loc 1 98 20 is_stmt 0 view .LVU96
 375 000e 084A     		ldr	r2, .L25+4
 376 0010 1378     		ldrb	r3, [r2]	@ zero_extendqisi2
 377 0012 5BB2     		sxtb	r3, r3
 378 0014 013B     		subs	r3, r3, #1
 379 0016 5BB2     		sxtb	r3, r3
 380 0018 1370     		strb	r3, [r2]
 381              	.L20:
  99:Core/Src/input.c ****     }
 100:Core/Src/input.c **** }
 382              		.loc 1 100 1 view .LVU97
 383 001a 08BD     		pop	{r3, pc}
 384              	.L24:
  96:Core/Src/input.c ****         s_enc_delta++;
ARM GAS  /tmp/cczpAYQF.s 			page 10


 385              		.loc 1 96 9 is_stmt 1 view .LVU98
  96:Core/Src/input.c ****         s_enc_delta++;
 386              		.loc 1 96 20 is_stmt 0 view .LVU99
 387 001c 044A     		ldr	r2, .L25+4
 388 001e 1378     		ldrb	r3, [r2]	@ zero_extendqisi2
 389 0020 5BB2     		sxtb	r3, r3
 390 0022 0133     		adds	r3, r3, #1
 391 0024 5BB2     		sxtb	r3, r3
 392 0026 1370     		strb	r3, [r2]
 393 0028 F7E7     		b	.L20
 394              	.L26:
 395 002a 00BF     		.align	2
 396              	.L25:
 397 002c 00040240 		.word	1073873920
 398 0030 00000000 		.word	s_enc_delta
 399              		.cfi_endproc
 400              	.LFE223:
 402              		.section	.text.input_update,"ax",%progbits
 403              		.align	1
 404              		.global	input_update
 405              		.syntax unified
 406              		.thumb
 407              		.thumb_func
 409              	input_update:
 410              	.LFB224:
 101:Core/Src/input.c **** 
 102:Core/Src/input.c **** void input_update(void)
 103:Core/Src/input.c **** {
 411              		.loc 1 103 1 is_stmt 1 view -0
 412              		.cfi_startproc
 413              		@ args = 0, pretend = 0, frame = 0
 414              		@ frame_needed = 0, uses_anonymous_args = 0
 415              		@ link register save eliminated.
 104:Core/Src/input.c ****     (void)0;
 416              		.loc 1 104 5 view .LVU101
 105:Core/Src/input.c **** }
 417              		.loc 1 105 1 is_stmt 0 view .LVU102
 418 0000 7047     		bx	lr
 419              		.cfi_endproc
 420              	.LFE224:
 422              		.section	.text.input_joy_up,"ax",%progbits
 423              		.align	1
 424              		.global	input_joy_up
 425              		.syntax unified
 426              		.thumb
 427              		.thumb_func
 429              	input_joy_up:
 430              	.LFB225:
 106:Core/Src/input.c **** 
 107:Core/Src/input.c **** bool input_joy_up(void)
 108:Core/Src/input.c **** {
 431              		.loc 1 108 1 is_stmt 1 view -0
 432              		.cfi_startproc
 433              		@ args = 0, pretend = 0, frame = 0
 434              		@ frame_needed = 0, uses_anonymous_args = 0
 435              		@ link register save eliminated.
 109:Core/Src/input.c ****     return s_joy_up.state;
ARM GAS  /tmp/cczpAYQF.s 			page 11


 436              		.loc 1 109 5 view .LVU104
 110:Core/Src/input.c **** }
 437              		.loc 1 110 1 is_stmt 0 view .LVU105
 438 0000 014B     		ldr	r3, .L29
 439 0002 5878     		ldrb	r0, [r3, #1]	@ zero_extendqisi2
 440 0004 7047     		bx	lr
 441              	.L30:
 442 0006 00BF     		.align	2
 443              	.L29:
 444 0008 00000000 		.word	s_joy_up
 445              		.cfi_endproc
 446              	.LFE225:
 448              		.section	.text.input_joy_down,"ax",%progbits
 449              		.align	1
 450              		.global	input_joy_down
 451              		.syntax unified
 452              		.thumb
 453              		.thumb_func
 455              	input_joy_down:
 456              	.LFB226:
 111:Core/Src/input.c **** 
 112:Core/Src/input.c **** bool input_joy_down(void)
 113:Core/Src/input.c **** {
 457              		.loc 1 113 1 is_stmt 1 view -0
 458              		.cfi_startproc
 459              		@ args = 0, pretend = 0, frame = 0
 460              		@ frame_needed = 0, uses_anonymous_args = 0
 461              		@ link register save eliminated.
 114:Core/Src/input.c ****     return s_joy_down.state;
 462              		.loc 1 114 5 view .LVU107
 115:Core/Src/input.c **** }
 463              		.loc 1 115 1 is_stmt 0 view .LVU108
 464 0000 014B     		ldr	r3, .L32
 465 0002 5878     		ldrb	r0, [r3, #1]	@ zero_extendqisi2
 466 0004 7047     		bx	lr
 467              	.L33:
 468 0006 00BF     		.align	2
 469              	.L32:
 470 0008 00000000 		.word	s_joy_down
 471              		.cfi_endproc
 472              	.LFE226:
 474              		.section	.text.input_enc_sw_pressed,"ax",%progbits
 475              		.align	1
 476              		.global	input_enc_sw_pressed
 477              		.syntax unified
 478              		.thumb
 479              		.thumb_func
 481              	input_enc_sw_pressed:
 482              	.LFB227:
 116:Core/Src/input.c **** 
 117:Core/Src/input.c **** bool input_enc_sw_pressed(void)
 118:Core/Src/input.c **** {
 483              		.loc 1 118 1 is_stmt 1 view -0
 484              		.cfi_startproc
 485              		@ args = 0, pretend = 0, frame = 0
 486              		@ frame_needed = 0, uses_anonymous_args = 0
 487              		@ link register save eliminated.
ARM GAS  /tmp/cczpAYQF.s 			page 12


 119:Core/Src/input.c ****     bool pressed;
 488              		.loc 1 119 5 view .LVU110
 120:Core/Src/input.c ****     __disable_irq();
 489              		.loc 1 120 5 view .LVU111
 490              	.LBB15:
 491              	.LBI15:
 492              		.file 2 "Drivers/CMSIS/Include/cmsis_gcc.h"
   1:Drivers/CMSIS/Include/cmsis_gcc.h **** /**************************************************************************//**
   2:Drivers/CMSIS/Include/cmsis_gcc.h ****  * @file     cmsis_gcc.h
   3:Drivers/CMSIS/Include/cmsis_gcc.h ****  * @brief    CMSIS compiler GCC header file
   4:Drivers/CMSIS/Include/cmsis_gcc.h ****  * @version  V5.4.1
   5:Drivers/CMSIS/Include/cmsis_gcc.h ****  * @date     27. May 2021
   6:Drivers/CMSIS/Include/cmsis_gcc.h ****  ******************************************************************************/
   7:Drivers/CMSIS/Include/cmsis_gcc.h **** /*
   8:Drivers/CMSIS/Include/cmsis_gcc.h ****  * Copyright (c) 2009-2021 Arm Limited. All rights reserved.
   9:Drivers/CMSIS/Include/cmsis_gcc.h ****  *
  10:Drivers/CMSIS/Include/cmsis_gcc.h ****  * SPDX-License-Identifier: Apache-2.0
  11:Drivers/CMSIS/Include/cmsis_gcc.h ****  *
  12:Drivers/CMSIS/Include/cmsis_gcc.h ****  * Licensed under the Apache License, Version 2.0 (the License); you may
  13:Drivers/CMSIS/Include/cmsis_gcc.h ****  * not use this file except in compliance with the License.
  14:Drivers/CMSIS/Include/cmsis_gcc.h ****  * You may obtain a copy of the License at
  15:Drivers/CMSIS/Include/cmsis_gcc.h ****  *
  16:Drivers/CMSIS/Include/cmsis_gcc.h ****  * www.apache.org/licenses/LICENSE-2.0
  17:Drivers/CMSIS/Include/cmsis_gcc.h ****  *
  18:Drivers/CMSIS/Include/cmsis_gcc.h ****  * Unless required by applicable law or agreed to in writing, software
  19:Drivers/CMSIS/Include/cmsis_gcc.h ****  * distributed under the License is distributed on an AS IS BASIS, WITHOUT
  20:Drivers/CMSIS/Include/cmsis_gcc.h ****  * WARRANTIES OR CONDITIONS OF ANY KIND, either express or implied.
  21:Drivers/CMSIS/Include/cmsis_gcc.h ****  * See the License for the specific language governing permissions and
  22:Drivers/CMSIS/Include/cmsis_gcc.h ****  * limitations under the License.
  23:Drivers/CMSIS/Include/cmsis_gcc.h ****  */
  24:Drivers/CMSIS/Include/cmsis_gcc.h **** 
  25:Drivers/CMSIS/Include/cmsis_gcc.h **** #ifndef __CMSIS_GCC_H
  26:Drivers/CMSIS/Include/cmsis_gcc.h **** #define __CMSIS_GCC_H
  27:Drivers/CMSIS/Include/cmsis_gcc.h **** 
  28:Drivers/CMSIS/Include/cmsis_gcc.h **** /* ignore some GCC warnings */
  29:Drivers/CMSIS/Include/cmsis_gcc.h **** #pragma GCC diagnostic push
  30:Drivers/CMSIS/Include/cmsis_gcc.h **** #pragma GCC diagnostic ignored "-Wsign-conversion"
  31:Drivers/CMSIS/Include/cmsis_gcc.h **** #pragma GCC diagnostic ignored "-Wconversion"
  32:Drivers/CMSIS/Include/cmsis_gcc.h **** #pragma GCC diagnostic ignored "-Wunused-parameter"
  33:Drivers/CMSIS/Include/cmsis_gcc.h **** 
  34:Drivers/CMSIS/Include/cmsis_gcc.h **** /* Fallback for __has_builtin */
  35:Drivers/CMSIS/Include/cmsis_gcc.h **** #ifndef __has_builtin
  36:Drivers/CMSIS/Include/cmsis_gcc.h ****   #define __has_builtin(x) (0)
  37:Drivers/CMSIS/Include/cmsis_gcc.h **** #endif
  38:Drivers/CMSIS/Include/cmsis_gcc.h **** 
  39:Drivers/CMSIS/Include/cmsis_gcc.h **** /* CMSIS compiler specific defines */
  40:Drivers/CMSIS/Include/cmsis_gcc.h **** #ifndef   __ASM
  41:Drivers/CMSIS/Include/cmsis_gcc.h ****   #define __ASM                                  __asm
  42:Drivers/CMSIS/Include/cmsis_gcc.h **** #endif
  43:Drivers/CMSIS/Include/cmsis_gcc.h **** #ifndef   __INLINE
  44:Drivers/CMSIS/Include/cmsis_gcc.h ****   #define __INLINE                               inline
  45:Drivers/CMSIS/Include/cmsis_gcc.h **** #endif
  46:Drivers/CMSIS/Include/cmsis_gcc.h **** #ifndef   __STATIC_INLINE
  47:Drivers/CMSIS/Include/cmsis_gcc.h ****   #define __STATIC_INLINE                        static inline
  48:Drivers/CMSIS/Include/cmsis_gcc.h **** #endif
  49:Drivers/CMSIS/Include/cmsis_gcc.h **** #ifndef   __STATIC_FORCEINLINE
  50:Drivers/CMSIS/Include/cmsis_gcc.h ****   #define __STATIC_FORCEINLINE                   __attribute__((always_inline)) static inline
ARM GAS  /tmp/cczpAYQF.s 			page 13


  51:Drivers/CMSIS/Include/cmsis_gcc.h **** #endif
  52:Drivers/CMSIS/Include/cmsis_gcc.h **** #ifndef   __NO_RETURN
  53:Drivers/CMSIS/Include/cmsis_gcc.h ****   #define __NO_RETURN                            __attribute__((__noreturn__))
  54:Drivers/CMSIS/Include/cmsis_gcc.h **** #endif
  55:Drivers/CMSIS/Include/cmsis_gcc.h **** #ifndef   __USED
  56:Drivers/CMSIS/Include/cmsis_gcc.h ****   #define __USED                                 __attribute__((used))
  57:Drivers/CMSIS/Include/cmsis_gcc.h **** #endif
  58:Drivers/CMSIS/Include/cmsis_gcc.h **** #ifndef   __WEAK
  59:Drivers/CMSIS/Include/cmsis_gcc.h ****   #define __WEAK                                 __attribute__((weak))
  60:Drivers/CMSIS/Include/cmsis_gcc.h **** #endif
  61:Drivers/CMSIS/Include/cmsis_gcc.h **** #ifndef   __PACKED
  62:Drivers/CMSIS/Include/cmsis_gcc.h ****   #define __PACKED                               __attribute__((packed, aligned(1)))
  63:Drivers/CMSIS/Include/cmsis_gcc.h **** #endif
  64:Drivers/CMSIS/Include/cmsis_gcc.h **** #ifndef   __PACKED_STRUCT
  65:Drivers/CMSIS/Include/cmsis_gcc.h ****   #define __PACKED_STRUCT                        struct __attribute__((packed, aligned(1)))
  66:Drivers/CMSIS/Include/cmsis_gcc.h **** #endif
  67:Drivers/CMSIS/Include/cmsis_gcc.h **** #ifndef   __PACKED_UNION
  68:Drivers/CMSIS/Include/cmsis_gcc.h ****   #define __PACKED_UNION                         union __attribute__((packed, aligned(1)))
  69:Drivers/CMSIS/Include/cmsis_gcc.h **** #endif
  70:Drivers/CMSIS/Include/cmsis_gcc.h **** #ifndef   __UNALIGNED_UINT32        /* deprecated */
  71:Drivers/CMSIS/Include/cmsis_gcc.h ****   #pragma GCC diagnostic push
  72:Drivers/CMSIS/Include/cmsis_gcc.h ****   #pragma GCC diagnostic ignored "-Wpacked"
  73:Drivers/CMSIS/Include/cmsis_gcc.h ****   #pragma GCC diagnostic ignored "-Wattributes"
  74:Drivers/CMSIS/Include/cmsis_gcc.h ****   struct __attribute__((packed)) T_UINT32 { uint32_t v; };
  75:Drivers/CMSIS/Include/cmsis_gcc.h ****   #pragma GCC diagnostic pop
  76:Drivers/CMSIS/Include/cmsis_gcc.h ****   #define __UNALIGNED_UINT32(x)                  (((struct T_UINT32 *)(x))->v)
  77:Drivers/CMSIS/Include/cmsis_gcc.h **** #endif
  78:Drivers/CMSIS/Include/cmsis_gcc.h **** #ifndef   __UNALIGNED_UINT16_WRITE
  79:Drivers/CMSIS/Include/cmsis_gcc.h ****   #pragma GCC diagnostic push
  80:Drivers/CMSIS/Include/cmsis_gcc.h ****   #pragma GCC diagnostic ignored "-Wpacked"
  81:Drivers/CMSIS/Include/cmsis_gcc.h ****   #pragma GCC diagnostic ignored "-Wattributes"
  82:Drivers/CMSIS/Include/cmsis_gcc.h ****   __PACKED_STRUCT T_UINT16_WRITE { uint16_t v; };
  83:Drivers/CMSIS/Include/cmsis_gcc.h ****   #pragma GCC diagnostic pop
  84:Drivers/CMSIS/Include/cmsis_gcc.h ****   #define __UNALIGNED_UINT16_WRITE(addr, val)    (void)((((struct T_UINT16_WRITE *)(void *)(addr))-
  85:Drivers/CMSIS/Include/cmsis_gcc.h **** #endif
  86:Drivers/CMSIS/Include/cmsis_gcc.h **** #ifndef   __UNALIGNED_UINT16_READ
  87:Drivers/CMSIS/Include/cmsis_gcc.h ****   #pragma GCC diagnostic push
  88:Drivers/CMSIS/Include/cmsis_gcc.h ****   #pragma GCC diagnostic ignored "-Wpacked"
  89:Drivers/CMSIS/Include/cmsis_gcc.h ****   #pragma GCC diagnostic ignored "-Wattributes"
  90:Drivers/CMSIS/Include/cmsis_gcc.h ****   __PACKED_STRUCT T_UINT16_READ { uint16_t v; };
  91:Drivers/CMSIS/Include/cmsis_gcc.h ****   #pragma GCC diagnostic pop
  92:Drivers/CMSIS/Include/cmsis_gcc.h ****   #define __UNALIGNED_UINT16_READ(addr)          (((const struct T_UINT16_READ *)(const void *)(add
  93:Drivers/CMSIS/Include/cmsis_gcc.h **** #endif
  94:Drivers/CMSIS/Include/cmsis_gcc.h **** #ifndef   __UNALIGNED_UINT32_WRITE
  95:Drivers/CMSIS/Include/cmsis_gcc.h ****   #pragma GCC diagnostic push
  96:Drivers/CMSIS/Include/cmsis_gcc.h ****   #pragma GCC diagnostic ignored "-Wpacked"
  97:Drivers/CMSIS/Include/cmsis_gcc.h ****   #pragma GCC diagnostic ignored "-Wattributes"
  98:Drivers/CMSIS/Include/cmsis_gcc.h ****   __PACKED_STRUCT T_UINT32_WRITE { uint32_t v; };
  99:Drivers/CMSIS/Include/cmsis_gcc.h ****   #pragma GCC diagnostic pop
 100:Drivers/CMSIS/Include/cmsis_gcc.h ****   #define __UNALIGNED_UINT32_WRITE(addr, val)    (void)((((struct T_UINT32_WRITE *)(void *)(addr))-
 101:Drivers/CMSIS/Include/cmsis_gcc.h **** #endif
 102:Drivers/CMSIS/Include/cmsis_gcc.h **** #ifndef   __UNALIGNED_UINT32_READ
 103:Drivers/CMSIS/Include/cmsis_gcc.h ****   #pragma GCC diagnostic push
 104:Drivers/CMSIS/Include/cmsis_gcc.h ****   #pragma GCC diagnostic ignored "-Wpacked"
 105:Drivers/CMSIS/Include/cmsis_gcc.h ****   #pragma GCC diagnostic ignored "-Wattributes"
 106:Drivers/CMSIS/Include/cmsis_gcc.h ****   __PACKED_STRUCT T_UINT32_READ { uint32_t v; };
 107:Drivers/CMSIS/Include/cmsis_gcc.h ****   #pragma GCC diagnostic pop
ARM GAS  /tmp/cczpAYQF.s 			page 14


 108:Drivers/CMSIS/Include/cmsis_gcc.h ****   #define __UNALIGNED_UINT32_READ(addr)          (((const struct T_UINT32_READ *)(const void *)(add
 109:Drivers/CMSIS/Include/cmsis_gcc.h **** #endif
 110:Drivers/CMSIS/Include/cmsis_gcc.h **** #ifndef   __ALIGNED
 111:Drivers/CMSIS/Include/cmsis_gcc.h ****   #define __ALIGNED(x)                           __attribute__((aligned(x)))
 112:Drivers/CMSIS/Include/cmsis_gcc.h **** #endif
 113:Drivers/CMSIS/Include/cmsis_gcc.h **** #ifndef   __RESTRICT
 114:Drivers/CMSIS/Include/cmsis_gcc.h ****   #define __RESTRICT                             __restrict
 115:Drivers/CMSIS/Include/cmsis_gcc.h **** #endif
 116:Drivers/CMSIS/Include/cmsis_gcc.h **** #ifndef   __COMPILER_BARRIER
 117:Drivers/CMSIS/Include/cmsis_gcc.h ****   #define __COMPILER_BARRIER()                   __ASM volatile("":::"memory")
 118:Drivers/CMSIS/Include/cmsis_gcc.h **** #endif
 119:Drivers/CMSIS/Include/cmsis_gcc.h **** 
 120:Drivers/CMSIS/Include/cmsis_gcc.h **** /* #########################  Startup and Lowlevel Init  ######################## */
 121:Drivers/CMSIS/Include/cmsis_gcc.h **** 
 122:Drivers/CMSIS/Include/cmsis_gcc.h **** #ifndef __PROGRAM_START
 123:Drivers/CMSIS/Include/cmsis_gcc.h **** 
 124:Drivers/CMSIS/Include/cmsis_gcc.h **** /**
 125:Drivers/CMSIS/Include/cmsis_gcc.h ****   \brief   Initializes data and bss sections
 126:Drivers/CMSIS/Include/cmsis_gcc.h ****   \details This default implementations initialized all data and additional bss
 127:Drivers/CMSIS/Include/cmsis_gcc.h ****            sections relying on .copy.table and .zero.table specified properly
 128:Drivers/CMSIS/Include/cmsis_gcc.h ****            in the used linker script.
 129:Drivers/CMSIS/Include/cmsis_gcc.h **** 
 130:Drivers/CMSIS/Include/cmsis_gcc.h ****  */
 131:Drivers/CMSIS/Include/cmsis_gcc.h **** __STATIC_FORCEINLINE __NO_RETURN void __cmsis_start(void)
 132:Drivers/CMSIS/Include/cmsis_gcc.h **** {
 133:Drivers/CMSIS/Include/cmsis_gcc.h ****   extern void _start(void) __NO_RETURN;
 134:Drivers/CMSIS/Include/cmsis_gcc.h **** 
 135:Drivers/CMSIS/Include/cmsis_gcc.h ****   typedef struct {
 136:Drivers/CMSIS/Include/cmsis_gcc.h ****     uint32_t const* src;
 137:Drivers/CMSIS/Include/cmsis_gcc.h ****     uint32_t* dest;
 138:Drivers/CMSIS/Include/cmsis_gcc.h ****     uint32_t  wlen;
 139:Drivers/CMSIS/Include/cmsis_gcc.h ****   } __copy_table_t;
 140:Drivers/CMSIS/Include/cmsis_gcc.h **** 
 141:Drivers/CMSIS/Include/cmsis_gcc.h ****   typedef struct {
 142:Drivers/CMSIS/Include/cmsis_gcc.h ****     uint32_t* dest;
 143:Drivers/CMSIS/Include/cmsis_gcc.h ****     uint32_t  wlen;
 144:Drivers/CMSIS/Include/cmsis_gcc.h ****   } __zero_table_t;
 145:Drivers/CMSIS/Include/cmsis_gcc.h **** 
 146:Drivers/CMSIS/Include/cmsis_gcc.h ****   extern const __copy_table_t __copy_table_start__;
 147:Drivers/CMSIS/Include/cmsis_gcc.h ****   extern const __copy_table_t __copy_table_end__;
 148:Drivers/CMSIS/Include/cmsis_gcc.h ****   extern const __zero_table_t __zero_table_start__;
 149:Drivers/CMSIS/Include/cmsis_gcc.h ****   extern const __zero_table_t __zero_table_end__;
 150:Drivers/CMSIS/Include/cmsis_gcc.h **** 
 151:Drivers/CMSIS/Include/cmsis_gcc.h ****   for (__copy_table_t const* pTable = &__copy_table_start__; pTable < &__copy_table_end__; ++pTable
 152:Drivers/CMSIS/Include/cmsis_gcc.h ****     for(uint32_t i=0u; i<pTable->wlen; ++i) {
 153:Drivers/CMSIS/Include/cmsis_gcc.h ****       pTable->dest[i] = pTable->src[i];
 154:Drivers/CMSIS/Include/cmsis_gcc.h ****     }
 155:Drivers/CMSIS/Include/cmsis_gcc.h ****   }
 156:Drivers/CMSIS/Include/cmsis_gcc.h **** 
 157:Drivers/CMSIS/Include/cmsis_gcc.h ****   for (__zero_table_t const* pTable = &__zero_table_start__; pTable < &__zero_table_end__; ++pTable
 158:Drivers/CMSIS/Include/cmsis_gcc.h ****     for(uint32_t i=0u; i<pTable->wlen; ++i) {
 159:Drivers/CMSIS/Include/cmsis_gcc.h ****       pTable->dest[i] = 0u;
 160:Drivers/CMSIS/Include/cmsis_gcc.h ****     }
 161:Drivers/CMSIS/Include/cmsis_gcc.h ****   }
 162:Drivers/CMSIS/Include/cmsis_gcc.h **** 
 163:Drivers/CMSIS/Include/cmsis_gcc.h ****   _start();
 164:Drivers/CMSIS/Include/cmsis_gcc.h **** }
ARM GAS  /tmp/cczpAYQF.s 			page 15


 165:Drivers/CMSIS/Include/cmsis_gcc.h **** 
 166:Drivers/CMSIS/Include/cmsis_gcc.h **** #define __PROGRAM_START           __cmsis_start
 167:Drivers/CMSIS/Include/cmsis_gcc.h **** #endif
 168:Drivers/CMSIS/Include/cmsis_gcc.h **** 
 169:Drivers/CMSIS/Include/cmsis_gcc.h **** #ifndef __INITIAL_SP
 170:Drivers/CMSIS/Include/cmsis_gcc.h **** #define __INITIAL_SP              __StackTop
 171:Drivers/CMSIS/Include/cmsis_gcc.h **** #endif
 172:Drivers/CMSIS/Include/cmsis_gcc.h **** 
 173:Drivers/CMSIS/Include/cmsis_gcc.h **** #ifndef __STACK_LIMIT
 174:Drivers/CMSIS/Include/cmsis_gcc.h **** #define __STACK_LIMIT             __StackLimit
 175:Drivers/CMSIS/Include/cmsis_gcc.h **** #endif
 176:Drivers/CMSIS/Include/cmsis_gcc.h **** 
 177:Drivers/CMSIS/Include/cmsis_gcc.h **** #ifndef __VECTOR_TABLE
 178:Drivers/CMSIS/Include/cmsis_gcc.h **** #define __VECTOR_TABLE            __Vectors
 179:Drivers/CMSIS/Include/cmsis_gcc.h **** #endif
 180:Drivers/CMSIS/Include/cmsis_gcc.h **** 
 181:Drivers/CMSIS/Include/cmsis_gcc.h **** #ifndef __VECTOR_TABLE_ATTRIBUTE
 182:Drivers/CMSIS/Include/cmsis_gcc.h **** #define __VECTOR_TABLE_ATTRIBUTE  __attribute__((used, section(".vectors")))
 183:Drivers/CMSIS/Include/cmsis_gcc.h **** #endif
 184:Drivers/CMSIS/Include/cmsis_gcc.h **** 
 185:Drivers/CMSIS/Include/cmsis_gcc.h **** #if defined (__ARM_FEATURE_CMSE) && (__ARM_FEATURE_CMSE == 3U)
 186:Drivers/CMSIS/Include/cmsis_gcc.h **** #ifndef __STACK_SEAL
 187:Drivers/CMSIS/Include/cmsis_gcc.h **** #define __STACK_SEAL              __StackSeal
 188:Drivers/CMSIS/Include/cmsis_gcc.h **** #endif
 189:Drivers/CMSIS/Include/cmsis_gcc.h **** 
 190:Drivers/CMSIS/Include/cmsis_gcc.h **** #ifndef __TZ_STACK_SEAL_SIZE
 191:Drivers/CMSIS/Include/cmsis_gcc.h **** #define __TZ_STACK_SEAL_SIZE      8U
 192:Drivers/CMSIS/Include/cmsis_gcc.h **** #endif
 193:Drivers/CMSIS/Include/cmsis_gcc.h **** 
 194:Drivers/CMSIS/Include/cmsis_gcc.h **** #ifndef __TZ_STACK_SEAL_VALUE
 195:Drivers/CMSIS/Include/cmsis_gcc.h **** #define __TZ_STACK_SEAL_VALUE     0xFEF5EDA5FEF5EDA5ULL
 196:Drivers/CMSIS/Include/cmsis_gcc.h **** #endif
 197:Drivers/CMSIS/Include/cmsis_gcc.h **** 
 198:Drivers/CMSIS/Include/cmsis_gcc.h **** 
 199:Drivers/CMSIS/Include/cmsis_gcc.h **** __STATIC_FORCEINLINE void __TZ_set_STACKSEAL_S (uint32_t* stackTop) {
 200:Drivers/CMSIS/Include/cmsis_gcc.h ****   *((uint64_t *)stackTop) = __TZ_STACK_SEAL_VALUE;
 201:Drivers/CMSIS/Include/cmsis_gcc.h **** }
 202:Drivers/CMSIS/Include/cmsis_gcc.h **** #endif
 203:Drivers/CMSIS/Include/cmsis_gcc.h **** 
 204:Drivers/CMSIS/Include/cmsis_gcc.h **** 
 205:Drivers/CMSIS/Include/cmsis_gcc.h **** /* ##########################  Core Instruction Access  ######################### */
 206:Drivers/CMSIS/Include/cmsis_gcc.h **** /** \defgroup CMSIS_Core_InstructionInterface CMSIS Core Instruction Interface
 207:Drivers/CMSIS/Include/cmsis_gcc.h ****   Access to dedicated instructions
 208:Drivers/CMSIS/Include/cmsis_gcc.h ****   @{
 209:Drivers/CMSIS/Include/cmsis_gcc.h **** */
 210:Drivers/CMSIS/Include/cmsis_gcc.h **** 
 211:Drivers/CMSIS/Include/cmsis_gcc.h **** /* Define macros for porting to both thumb1 and thumb2.
 212:Drivers/CMSIS/Include/cmsis_gcc.h ****  * For thumb1, use low register (r0-r7), specified by constraint "l"
 213:Drivers/CMSIS/Include/cmsis_gcc.h ****  * Otherwise, use general registers, specified by constraint "r" */
 214:Drivers/CMSIS/Include/cmsis_gcc.h **** #if defined (__thumb__) && !defined (__thumb2__)
 215:Drivers/CMSIS/Include/cmsis_gcc.h **** #define __CMSIS_GCC_OUT_REG(r) "=l" (r)
 216:Drivers/CMSIS/Include/cmsis_gcc.h **** #define __CMSIS_GCC_RW_REG(r) "+l" (r)
 217:Drivers/CMSIS/Include/cmsis_gcc.h **** #define __CMSIS_GCC_USE_REG(r) "l" (r)
 218:Drivers/CMSIS/Include/cmsis_gcc.h **** #else
 219:Drivers/CMSIS/Include/cmsis_gcc.h **** #define __CMSIS_GCC_OUT_REG(r) "=r" (r)
 220:Drivers/CMSIS/Include/cmsis_gcc.h **** #define __CMSIS_GCC_RW_REG(r) "+r" (r)
 221:Drivers/CMSIS/Include/cmsis_gcc.h **** #define __CMSIS_GCC_USE_REG(r) "r" (r)
ARM GAS  /tmp/cczpAYQF.s 			page 16


 222:Drivers/CMSIS/Include/cmsis_gcc.h **** #endif
 223:Drivers/CMSIS/Include/cmsis_gcc.h **** 
 224:Drivers/CMSIS/Include/cmsis_gcc.h **** /**
 225:Drivers/CMSIS/Include/cmsis_gcc.h ****   \brief   No Operation
 226:Drivers/CMSIS/Include/cmsis_gcc.h ****   \details No Operation does nothing. This instruction can be used for code alignment purposes.
 227:Drivers/CMSIS/Include/cmsis_gcc.h ****  */
 228:Drivers/CMSIS/Include/cmsis_gcc.h **** #define __NOP()                             __ASM volatile ("nop")
 229:Drivers/CMSIS/Include/cmsis_gcc.h **** 
 230:Drivers/CMSIS/Include/cmsis_gcc.h **** /**
 231:Drivers/CMSIS/Include/cmsis_gcc.h ****   \brief   Wait For Interrupt
 232:Drivers/CMSIS/Include/cmsis_gcc.h ****   \details Wait For Interrupt is a hint instruction that suspends execution until one of a number o
 233:Drivers/CMSIS/Include/cmsis_gcc.h ****  */
 234:Drivers/CMSIS/Include/cmsis_gcc.h **** #define __WFI()                             __ASM volatile ("wfi":::"memory")
 235:Drivers/CMSIS/Include/cmsis_gcc.h **** 
 236:Drivers/CMSIS/Include/cmsis_gcc.h **** 
 237:Drivers/CMSIS/Include/cmsis_gcc.h **** /**
 238:Drivers/CMSIS/Include/cmsis_gcc.h ****   \brief   Wait For Event
 239:Drivers/CMSIS/Include/cmsis_gcc.h ****   \details Wait For Event is a hint instruction that permits the processor to enter
 240:Drivers/CMSIS/Include/cmsis_gcc.h ****            a low-power state until one of a number of events occurs.
 241:Drivers/CMSIS/Include/cmsis_gcc.h ****  */
 242:Drivers/CMSIS/Include/cmsis_gcc.h **** #define __WFE()                             __ASM volatile ("wfe":::"memory")
 243:Drivers/CMSIS/Include/cmsis_gcc.h **** 
 244:Drivers/CMSIS/Include/cmsis_gcc.h **** 
 245:Drivers/CMSIS/Include/cmsis_gcc.h **** /**
 246:Drivers/CMSIS/Include/cmsis_gcc.h ****   \brief   Send Event
 247:Drivers/CMSIS/Include/cmsis_gcc.h ****   \details Send Event is a hint instruction. It causes an event to be signaled to the CPU.
 248:Drivers/CMSIS/Include/cmsis_gcc.h ****  */
 249:Drivers/CMSIS/Include/cmsis_gcc.h **** #define __SEV()                             __ASM volatile ("sev")
 250:Drivers/CMSIS/Include/cmsis_gcc.h **** 
 251:Drivers/CMSIS/Include/cmsis_gcc.h **** 
 252:Drivers/CMSIS/Include/cmsis_gcc.h **** /**
 253:Drivers/CMSIS/Include/cmsis_gcc.h ****   \brief   Instruction Synchronization Barrier
 254:Drivers/CMSIS/Include/cmsis_gcc.h ****   \details Instruction Synchronization Barrier flushes the pipeline in the processor,
 255:Drivers/CMSIS/Include/cmsis_gcc.h ****            so that all instructions following the ISB are fetched from cache or memory,
 256:Drivers/CMSIS/Include/cmsis_gcc.h ****            after the instruction has been completed.
 257:Drivers/CMSIS/Include/cmsis_gcc.h ****  */
 258:Drivers/CMSIS/Include/cmsis_gcc.h **** __STATIC_FORCEINLINE void __ISB(void)
 259:Drivers/CMSIS/Include/cmsis_gcc.h **** {
 260:Drivers/CMSIS/Include/cmsis_gcc.h ****   __ASM volatile ("isb 0xF":::"memory");
 261:Drivers/CMSIS/Include/cmsis_gcc.h **** }
 262:Drivers/CMSIS/Include/cmsis_gcc.h **** 
 263:Drivers/CMSIS/Include/cmsis_gcc.h **** 
 264:Drivers/CMSIS/Include/cmsis_gcc.h **** /**
 265:Drivers/CMSIS/Include/cmsis_gcc.h ****   \brief   Data Synchronization Barrier
 266:Drivers/CMSIS/Include/cmsis_gcc.h ****   \details Acts as a special kind of Data Memory Barrier.
 267:Drivers/CMSIS/Include/cmsis_gcc.h ****            It completes when all explicit memory accesses before this instruction complete.
 268:Drivers/CMSIS/Include/cmsis_gcc.h ****  */
 269:Drivers/CMSIS/Include/cmsis_gcc.h **** __STATIC_FORCEINLINE void __DSB(void)
 270:Drivers/CMSIS/Include/cmsis_gcc.h **** {
 271:Drivers/CMSIS/Include/cmsis_gcc.h ****   __ASM volatile ("dsb 0xF":::"memory");
 272:Drivers/CMSIS/Include/cmsis_gcc.h **** }
 273:Drivers/CMSIS/Include/cmsis_gcc.h **** 
 274:Drivers/CMSIS/Include/cmsis_gcc.h **** 
 275:Drivers/CMSIS/Include/cmsis_gcc.h **** /**
 276:Drivers/CMSIS/Include/cmsis_gcc.h ****   \brief   Data Memory Barrier
 277:Drivers/CMSIS/Include/cmsis_gcc.h ****   \details Ensures the apparent order of the explicit memory operations before
 278:Drivers/CMSIS/Include/cmsis_gcc.h ****            and after the instruction, without ensuring their completion.
ARM GAS  /tmp/cczpAYQF.s 			page 17


 279:Drivers/CMSIS/Include/cmsis_gcc.h ****  */
 280:Drivers/CMSIS/Include/cmsis_gcc.h **** __STATIC_FORCEINLINE void __DMB(void)
 281:Drivers/CMSIS/Include/cmsis_gcc.h **** {
 282:Drivers/CMSIS/Include/cmsis_gcc.h ****   __ASM volatile ("dmb 0xF":::"memory");
 283:Drivers/CMSIS/Include/cmsis_gcc.h **** }
 284:Drivers/CMSIS/Include/cmsis_gcc.h **** 
 285:Drivers/CMSIS/Include/cmsis_gcc.h **** 
 286:Drivers/CMSIS/Include/cmsis_gcc.h **** /**
 287:Drivers/CMSIS/Include/cmsis_gcc.h ****   \brief   Reverse byte order (32 bit)
 288:Drivers/CMSIS/Include/cmsis_gcc.h ****   \details Reverses the byte order in unsigned integer value. For example, 0x12345678 becomes 0x785
 289:Drivers/CMSIS/Include/cmsis_gcc.h ****   \param [in]    value  Value to reverse
 290:Drivers/CMSIS/Include/cmsis_gcc.h ****   \return               Reversed value
 291:Drivers/CMSIS/Include/cmsis_gcc.h ****  */
 292:Drivers/CMSIS/Include/cmsis_gcc.h **** __STATIC_FORCEINLINE uint32_t __REV(uint32_t value)
 293:Drivers/CMSIS/Include/cmsis_gcc.h **** {
 294:Drivers/CMSIS/Include/cmsis_gcc.h **** #if (__GNUC__ > 4) || (__GNUC__ == 4 && __GNUC_MINOR__ >= 5)
 295:Drivers/CMSIS/Include/cmsis_gcc.h ****   return __builtin_bswap32(value);
 296:Drivers/CMSIS/Include/cmsis_gcc.h **** #else
 297:Drivers/CMSIS/Include/cmsis_gcc.h ****   uint32_t result;
 298:Drivers/CMSIS/Include/cmsis_gcc.h **** 
 299:Drivers/CMSIS/Include/cmsis_gcc.h ****   __ASM ("rev %0, %1" : __CMSIS_GCC_OUT_REG (result) : __CMSIS_GCC_USE_REG (value) );
 300:Drivers/CMSIS/Include/cmsis_gcc.h ****   return result;
 301:Drivers/CMSIS/Include/cmsis_gcc.h **** #endif
 302:Drivers/CMSIS/Include/cmsis_gcc.h **** }
 303:Drivers/CMSIS/Include/cmsis_gcc.h **** 
 304:Drivers/CMSIS/Include/cmsis_gcc.h **** 
 305:Drivers/CMSIS/Include/cmsis_gcc.h **** /**
 306:Drivers/CMSIS/Include/cmsis_gcc.h ****   \brief   Reverse byte order (16 bit)
 307:Drivers/CMSIS/Include/cmsis_gcc.h ****   \details Reverses the byte order within each halfword of a word. For example, 0x12345678 becomes 
 308:Drivers/CMSIS/Include/cmsis_gcc.h ****   \param [in]    value  Value to reverse
 309:Drivers/CMSIS/Include/cmsis_gcc.h ****   \return               Reversed value
 310:Drivers/CMSIS/Include/cmsis_gcc.h ****  */
 311:Drivers/CMSIS/Include/cmsis_gcc.h **** __STATIC_FORCEINLINE uint32_t __REV16(uint32_t value)
 312:Drivers/CMSIS/Include/cmsis_gcc.h **** {
 313:Drivers/CMSIS/Include/cmsis_gcc.h ****   uint32_t result;
 314:Drivers/CMSIS/Include/cmsis_gcc.h **** 
 315:Drivers/CMSIS/Include/cmsis_gcc.h ****   __ASM ("rev16 %0, %1" : __CMSIS_GCC_OUT_REG (result) : __CMSIS_GCC_USE_REG (value) );
 316:Drivers/CMSIS/Include/cmsis_gcc.h ****   return result;
 317:Drivers/CMSIS/Include/cmsis_gcc.h **** }
 318:Drivers/CMSIS/Include/cmsis_gcc.h **** 
 319:Drivers/CMSIS/Include/cmsis_gcc.h **** 
 320:Drivers/CMSIS/Include/cmsis_gcc.h **** /**
 321:Drivers/CMSIS/Include/cmsis_gcc.h ****   \brief   Reverse byte order (16 bit)
 322:Drivers/CMSIS/Include/cmsis_gcc.h ****   \details Reverses the byte order in a 16-bit value and returns the signed 16-bit result. For exam
 323:Drivers/CMSIS/Include/cmsis_gcc.h ****   \param [in]    value  Value to reverse
 324:Drivers/CMSIS/Include/cmsis_gcc.h ****   \return               Reversed value
 325:Drivers/CMSIS/Include/cmsis_gcc.h ****  */
 326:Drivers/CMSIS/Include/cmsis_gcc.h **** __STATIC_FORCEINLINE int16_t __REVSH(int16_t value)
 327:Drivers/CMSIS/Include/cmsis_gcc.h **** {
 328:Drivers/CMSIS/Include/cmsis_gcc.h **** #if (__GNUC__ > 4) || (__GNUC__ == 4 && __GNUC_MINOR__ >= 8)
 329:Drivers/CMSIS/Include/cmsis_gcc.h ****   return (int16_t)__builtin_bswap16(value);
 330:Drivers/CMSIS/Include/cmsis_gcc.h **** #else
 331:Drivers/CMSIS/Include/cmsis_gcc.h ****   int16_t result;
 332:Drivers/CMSIS/Include/cmsis_gcc.h **** 
 333:Drivers/CMSIS/Include/cmsis_gcc.h ****   __ASM ("revsh %0, %1" : __CMSIS_GCC_OUT_REG (result) : __CMSIS_GCC_USE_REG (value) );
 334:Drivers/CMSIS/Include/cmsis_gcc.h ****   return result;
 335:Drivers/CMSIS/Include/cmsis_gcc.h **** #endif
ARM GAS  /tmp/cczpAYQF.s 			page 18


 336:Drivers/CMSIS/Include/cmsis_gcc.h **** }
 337:Drivers/CMSIS/Include/cmsis_gcc.h **** 
 338:Drivers/CMSIS/Include/cmsis_gcc.h **** 
 339:Drivers/CMSIS/Include/cmsis_gcc.h **** /**
 340:Drivers/CMSIS/Include/cmsis_gcc.h ****   \brief   Rotate Right in unsigned value (32 bit)
 341:Drivers/CMSIS/Include/cmsis_gcc.h ****   \details Rotate Right (immediate) provides the value of the contents of a register rotated by a v
 342:Drivers/CMSIS/Include/cmsis_gcc.h ****   \param [in]    op1  Value to rotate
 343:Drivers/CMSIS/Include/cmsis_gcc.h ****   \param [in]    op2  Number of Bits to rotate
 344:Drivers/CMSIS/Include/cmsis_gcc.h ****   \return               Rotated value
 345:Drivers/CMSIS/Include/cmsis_gcc.h ****  */
 346:Drivers/CMSIS/Include/cmsis_gcc.h **** __STATIC_FORCEINLINE uint32_t __ROR(uint32_t op1, uint32_t op2)
 347:Drivers/CMSIS/Include/cmsis_gcc.h **** {
 348:Drivers/CMSIS/Include/cmsis_gcc.h ****   op2 %= 32U;
 349:Drivers/CMSIS/Include/cmsis_gcc.h ****   if (op2 == 0U)
 350:Drivers/CMSIS/Include/cmsis_gcc.h ****   {
 351:Drivers/CMSIS/Include/cmsis_gcc.h ****     return op1;
 352:Drivers/CMSIS/Include/cmsis_gcc.h ****   }
 353:Drivers/CMSIS/Include/cmsis_gcc.h ****   return (op1 >> op2) | (op1 << (32U - op2));
 354:Drivers/CMSIS/Include/cmsis_gcc.h **** }
 355:Drivers/CMSIS/Include/cmsis_gcc.h **** 
 356:Drivers/CMSIS/Include/cmsis_gcc.h **** 
 357:Drivers/CMSIS/Include/cmsis_gcc.h **** /**
 358:Drivers/CMSIS/Include/cmsis_gcc.h ****   \brief   Breakpoint
 359:Drivers/CMSIS/Include/cmsis_gcc.h ****   \details Causes the processor to enter Debug state.
 360:Drivers/CMSIS/Include/cmsis_gcc.h ****            Debug tools can use this to investigate system state when the instruction at a particula
 361:Drivers/CMSIS/Include/cmsis_gcc.h ****   \param [in]    value  is ignored by the processor.
 362:Drivers/CMSIS/Include/cmsis_gcc.h ****                  If required, a debugger can use it to store additional information about the break
 363:Drivers/CMSIS/Include/cmsis_gcc.h ****  */
 364:Drivers/CMSIS/Include/cmsis_gcc.h **** #define __BKPT(value)                       __ASM volatile ("bkpt "#value)
 365:Drivers/CMSIS/Include/cmsis_gcc.h **** 
 366:Drivers/CMSIS/Include/cmsis_gcc.h **** 
 367:Drivers/CMSIS/Include/cmsis_gcc.h **** /**
 368:Drivers/CMSIS/Include/cmsis_gcc.h ****   \brief   Reverse bit order of value
 369:Drivers/CMSIS/Include/cmsis_gcc.h ****   \details Reverses the bit order of the given value.
 370:Drivers/CMSIS/Include/cmsis_gcc.h ****   \param [in]    value  Value to reverse
 371:Drivers/CMSIS/Include/cmsis_gcc.h ****   \return               Reversed value
 372:Drivers/CMSIS/Include/cmsis_gcc.h ****  */
 373:Drivers/CMSIS/Include/cmsis_gcc.h **** __STATIC_FORCEINLINE uint32_t __RBIT(uint32_t value)
 374:Drivers/CMSIS/Include/cmsis_gcc.h **** {
 375:Drivers/CMSIS/Include/cmsis_gcc.h ****   uint32_t result;
 376:Drivers/CMSIS/Include/cmsis_gcc.h **** 
 377:Drivers/CMSIS/Include/cmsis_gcc.h **** #if ((defined (__ARM_ARCH_7M__      ) && (__ARM_ARCH_7M__      == 1)) || \
 378:Drivers/CMSIS/Include/cmsis_gcc.h ****      (defined (__ARM_ARCH_7EM__     ) && (__ARM_ARCH_7EM__     == 1)) || \
 379:Drivers/CMSIS/Include/cmsis_gcc.h ****      (defined (__ARM_ARCH_8M_MAIN__ ) && (__ARM_ARCH_8M_MAIN__ == 1))    )
 380:Drivers/CMSIS/Include/cmsis_gcc.h ****    __ASM ("rbit %0, %1" : "=r" (result) : "r" (value) );
 381:Drivers/CMSIS/Include/cmsis_gcc.h **** #else
 382:Drivers/CMSIS/Include/cmsis_gcc.h ****   uint32_t s = (4U /*sizeof(v)*/ * 8U) - 1U; /* extra shift needed at end */
 383:Drivers/CMSIS/Include/cmsis_gcc.h **** 
 384:Drivers/CMSIS/Include/cmsis_gcc.h ****   result = value;                      /* r will be reversed bits of v; first get LSB of v */
 385:Drivers/CMSIS/Include/cmsis_gcc.h ****   for (value >>= 1U; value != 0U; value >>= 1U)
 386:Drivers/CMSIS/Include/cmsis_gcc.h ****   {
 387:Drivers/CMSIS/Include/cmsis_gcc.h ****     result <<= 1U;
 388:Drivers/CMSIS/Include/cmsis_gcc.h ****     result |= value & 1U;
 389:Drivers/CMSIS/Include/cmsis_gcc.h ****     s--;
 390:Drivers/CMSIS/Include/cmsis_gcc.h ****   }
 391:Drivers/CMSIS/Include/cmsis_gcc.h ****   result <<= s;                        /* shift when v's highest bits are zero */
 392:Drivers/CMSIS/Include/cmsis_gcc.h **** #endif
ARM GAS  /tmp/cczpAYQF.s 			page 19


 393:Drivers/CMSIS/Include/cmsis_gcc.h ****   return result;
 394:Drivers/CMSIS/Include/cmsis_gcc.h **** }
 395:Drivers/CMSIS/Include/cmsis_gcc.h **** 
 396:Drivers/CMSIS/Include/cmsis_gcc.h **** 
 397:Drivers/CMSIS/Include/cmsis_gcc.h **** /**
 398:Drivers/CMSIS/Include/cmsis_gcc.h ****   \brief   Count leading zeros
 399:Drivers/CMSIS/Include/cmsis_gcc.h ****   \details Counts the number of leading zeros of a data value.
 400:Drivers/CMSIS/Include/cmsis_gcc.h ****   \param [in]  value  Value to count the leading zeros
 401:Drivers/CMSIS/Include/cmsis_gcc.h ****   \return             number of leading zeros in value
 402:Drivers/CMSIS/Include/cmsis_gcc.h ****  */
 403:Drivers/CMSIS/Include/cmsis_gcc.h **** __STATIC_FORCEINLINE uint8_t __CLZ(uint32_t value)
 404:Drivers/CMSIS/Include/cmsis_gcc.h **** {
 405:Drivers/CMSIS/Include/cmsis_gcc.h ****   /* Even though __builtin_clz produces a CLZ instruction on ARM, formally
 406:Drivers/CMSIS/Include/cmsis_gcc.h ****      __builtin_clz(0) is undefined behaviour, so handle this case specially.
 407:Drivers/CMSIS/Include/cmsis_gcc.h ****      This guarantees ARM-compatible results if happening to compile on a non-ARM
 408:Drivers/CMSIS/Include/cmsis_gcc.h ****      target, and ensures the compiler doesn't decide to activate any
 409:Drivers/CMSIS/Include/cmsis_gcc.h ****      optimisations using the logic "value was passed to __builtin_clz, so it
 410:Drivers/CMSIS/Include/cmsis_gcc.h ****      is non-zero".
 411:Drivers/CMSIS/Include/cmsis_gcc.h ****      ARM GCC 7.3 and possibly earlier will optimise this test away, leaving a
 412:Drivers/CMSIS/Include/cmsis_gcc.h ****      single CLZ instruction.
 413:Drivers/CMSIS/Include/cmsis_gcc.h ****    */
 414:Drivers/CMSIS/Include/cmsis_gcc.h ****   if (value == 0U)
 415:Drivers/CMSIS/Include/cmsis_gcc.h ****   {
 416:Drivers/CMSIS/Include/cmsis_gcc.h ****     return 32U;
 417:Drivers/CMSIS/Include/cmsis_gcc.h ****   }
 418:Drivers/CMSIS/Include/cmsis_gcc.h ****   return __builtin_clz(value);
 419:Drivers/CMSIS/Include/cmsis_gcc.h **** }
 420:Drivers/CMSIS/Include/cmsis_gcc.h **** 
 421:Drivers/CMSIS/Include/cmsis_gcc.h **** 
 422:Drivers/CMSIS/Include/cmsis_gcc.h **** #if ((defined (__ARM_ARCH_7M__      ) && (__ARM_ARCH_7M__      == 1)) || \
 423:Drivers/CMSIS/Include/cmsis_gcc.h ****      (defined (__ARM_ARCH_7EM__     ) && (__ARM_ARCH_7EM__     == 1)) || \
 424:Drivers/CMSIS/Include/cmsis_gcc.h ****      (defined (__ARM_ARCH_8M_MAIN__ ) && (__ARM_ARCH_8M_MAIN__ == 1)) || \
 425:Drivers/CMSIS/Include/cmsis_gcc.h ****      (defined (__ARM_ARCH_8M_BASE__ ) && (__ARM_ARCH_8M_BASE__ == 1))    )
 426:Drivers/CMSIS/Include/cmsis_gcc.h **** /**
 427:Drivers/CMSIS/Include/cmsis_gcc.h ****   \brief   LDR Exclusive (8 bit)
 428:Drivers/CMSIS/Include/cmsis_gcc.h ****   \details Executes a exclusive LDR instruction for 8 bit value.
 429:Drivers/CMSIS/Include/cmsis_gcc.h ****   \param [in]    ptr  Pointer to data
 430:Drivers/CMSIS/Include/cmsis_gcc.h ****   \return             value of type uint8_t at (*ptr)
 431:Drivers/CMSIS/Include/cmsis_gcc.h ****  */
 432:Drivers/CMSIS/Include/cmsis_gcc.h **** __STATIC_FORCEINLINE uint8_t __LDREXB(volatile uint8_t *addr)
 433:Drivers/CMSIS/Include/cmsis_gcc.h **** {
 434:Drivers/CMSIS/Include/cmsis_gcc.h ****     uint32_t result;
 435:Drivers/CMSIS/Include/cmsis_gcc.h **** 
 436:Drivers/CMSIS/Include/cmsis_gcc.h **** #if (__GNUC__ > 4) || (__GNUC__ == 4 && __GNUC_MINOR__ >= 8)
 437:Drivers/CMSIS/Include/cmsis_gcc.h ****    __ASM volatile ("ldrexb %0, %1" : "=r" (result) : "Q" (*addr) );
 438:Drivers/CMSIS/Include/cmsis_gcc.h **** #else
 439:Drivers/CMSIS/Include/cmsis_gcc.h ****     /* Prior to GCC 4.8, "Q" will be expanded to [rx, #0] which is not
 440:Drivers/CMSIS/Include/cmsis_gcc.h ****        accepted by assembler. So has to use following less efficient pattern.
 441:Drivers/CMSIS/Include/cmsis_gcc.h ****     */
 442:Drivers/CMSIS/Include/cmsis_gcc.h ****    __ASM volatile ("ldrexb %0, [%1]" : "=r" (result) : "r" (addr) : "memory" );
 443:Drivers/CMSIS/Include/cmsis_gcc.h **** #endif
 444:Drivers/CMSIS/Include/cmsis_gcc.h ****    return ((uint8_t) result);    /* Add explicit type cast here */
 445:Drivers/CMSIS/Include/cmsis_gcc.h **** }
 446:Drivers/CMSIS/Include/cmsis_gcc.h **** 
 447:Drivers/CMSIS/Include/cmsis_gcc.h **** 
 448:Drivers/CMSIS/Include/cmsis_gcc.h **** /**
 449:Drivers/CMSIS/Include/cmsis_gcc.h ****   \brief   LDR Exclusive (16 bit)
ARM GAS  /tmp/cczpAYQF.s 			page 20


 450:Drivers/CMSIS/Include/cmsis_gcc.h ****   \details Executes a exclusive LDR instruction for 16 bit values.
 451:Drivers/CMSIS/Include/cmsis_gcc.h ****   \param [in]    ptr  Pointer to data
 452:Drivers/CMSIS/Include/cmsis_gcc.h ****   \return        value of type uint16_t at (*ptr)
 453:Drivers/CMSIS/Include/cmsis_gcc.h ****  */
 454:Drivers/CMSIS/Include/cmsis_gcc.h **** __STATIC_FORCEINLINE uint16_t __LDREXH(volatile uint16_t *addr)
 455:Drivers/CMSIS/Include/cmsis_gcc.h **** {
 456:Drivers/CMSIS/Include/cmsis_gcc.h ****     uint32_t result;
 457:Drivers/CMSIS/Include/cmsis_gcc.h **** 
 458:Drivers/CMSIS/Include/cmsis_gcc.h **** #if (__GNUC__ > 4) || (__GNUC__ == 4 && __GNUC_MINOR__ >= 8)
 459:Drivers/CMSIS/Include/cmsis_gcc.h ****    __ASM volatile ("ldrexh %0, %1" : "=r" (result) : "Q" (*addr) );
 460:Drivers/CMSIS/Include/cmsis_gcc.h **** #else
 461:Drivers/CMSIS/Include/cmsis_gcc.h ****     /* Prior to GCC 4.8, "Q" will be expanded to [rx, #0] which is not
 462:Drivers/CMSIS/Include/cmsis_gcc.h ****        accepted by assembler. So has to use following less efficient pattern.
 463:Drivers/CMSIS/Include/cmsis_gcc.h ****     */
 464:Drivers/CMSIS/Include/cmsis_gcc.h ****    __ASM volatile ("ldrexh %0, [%1]" : "=r" (result) : "r" (addr) : "memory" );
 465:Drivers/CMSIS/Include/cmsis_gcc.h **** #endif
 466:Drivers/CMSIS/Include/cmsis_gcc.h ****    return ((uint16_t) result);    /* Add explicit type cast here */
 467:Drivers/CMSIS/Include/cmsis_gcc.h **** }
 468:Drivers/CMSIS/Include/cmsis_gcc.h **** 
 469:Drivers/CMSIS/Include/cmsis_gcc.h **** 
 470:Drivers/CMSIS/Include/cmsis_gcc.h **** /**
 471:Drivers/CMSIS/Include/cmsis_gcc.h ****   \brief   LDR Exclusive (32 bit)
 472:Drivers/CMSIS/Include/cmsis_gcc.h ****   \details Executes a exclusive LDR instruction for 32 bit values.
 473:Drivers/CMSIS/Include/cmsis_gcc.h ****   \param [in]    ptr  Pointer to data
 474:Drivers/CMSIS/Include/cmsis_gcc.h ****   \return        value of type uint32_t at (*ptr)
 475:Drivers/CMSIS/Include/cmsis_gcc.h ****  */
 476:Drivers/CMSIS/Include/cmsis_gcc.h **** __STATIC_FORCEINLINE uint32_t __LDREXW(volatile uint32_t *addr)
 477:Drivers/CMSIS/Include/cmsis_gcc.h **** {
 478:Drivers/CMSIS/Include/cmsis_gcc.h ****     uint32_t result;
 479:Drivers/CMSIS/Include/cmsis_gcc.h **** 
 480:Drivers/CMSIS/Include/cmsis_gcc.h ****    __ASM volatile ("ldrex %0, %1" : "=r" (result) : "Q" (*addr) );
 481:Drivers/CMSIS/Include/cmsis_gcc.h ****    return(result);
 482:Drivers/CMSIS/Include/cmsis_gcc.h **** }
 483:Drivers/CMSIS/Include/cmsis_gcc.h **** 
 484:Drivers/CMSIS/Include/cmsis_gcc.h **** 
 485:Drivers/CMSIS/Include/cmsis_gcc.h **** /**
 486:Drivers/CMSIS/Include/cmsis_gcc.h ****   \brief   STR Exclusive (8 bit)
 487:Drivers/CMSIS/Include/cmsis_gcc.h ****   \details Executes a exclusive STR instruction for 8 bit values.
 488:Drivers/CMSIS/Include/cmsis_gcc.h ****   \param [in]  value  Value to store
 489:Drivers/CMSIS/Include/cmsis_gcc.h ****   \param [in]    ptr  Pointer to location
 490:Drivers/CMSIS/Include/cmsis_gcc.h ****   \return          0  Function succeeded
 491:Drivers/CMSIS/Include/cmsis_gcc.h ****   \return          1  Function failed
 492:Drivers/CMSIS/Include/cmsis_gcc.h ****  */
 493:Drivers/CMSIS/Include/cmsis_gcc.h **** __STATIC_FORCEINLINE uint32_t __STREXB(uint8_t value, volatile uint8_t *addr)
 494:Drivers/CMSIS/Include/cmsis_gcc.h **** {
 495:Drivers/CMSIS/Include/cmsis_gcc.h ****    uint32_t result;
 496:Drivers/CMSIS/Include/cmsis_gcc.h **** 
 497:Drivers/CMSIS/Include/cmsis_gcc.h ****    __ASM volatile ("strexb %0, %2, %1" : "=&r" (result), "=Q" (*addr) : "r" ((uint32_t)value) );
 498:Drivers/CMSIS/Include/cmsis_gcc.h ****    return(result);
 499:Drivers/CMSIS/Include/cmsis_gcc.h **** }
 500:Drivers/CMSIS/Include/cmsis_gcc.h **** 
 501:Drivers/CMSIS/Include/cmsis_gcc.h **** 
 502:Drivers/CMSIS/Include/cmsis_gcc.h **** /**
 503:Drivers/CMSIS/Include/cmsis_gcc.h ****   \brief   STR Exclusive (16 bit)
 504:Drivers/CMSIS/Include/cmsis_gcc.h ****   \details Executes a exclusive STR instruction for 16 bit values.
 505:Drivers/CMSIS/Include/cmsis_gcc.h ****   \param [in]  value  Value to store
 506:Drivers/CMSIS/Include/cmsis_gcc.h ****   \param [in]    ptr  Pointer to location
ARM GAS  /tmp/cczpAYQF.s 			page 21


 507:Drivers/CMSIS/Include/cmsis_gcc.h ****   \return          0  Function succeeded
 508:Drivers/CMSIS/Include/cmsis_gcc.h ****   \return          1  Function failed
 509:Drivers/CMSIS/Include/cmsis_gcc.h ****  */
 510:Drivers/CMSIS/Include/cmsis_gcc.h **** __STATIC_FORCEINLINE uint32_t __STREXH(uint16_t value, volatile uint16_t *addr)
 511:Drivers/CMSIS/Include/cmsis_gcc.h **** {
 512:Drivers/CMSIS/Include/cmsis_gcc.h ****    uint32_t result;
 513:Drivers/CMSIS/Include/cmsis_gcc.h **** 
 514:Drivers/CMSIS/Include/cmsis_gcc.h ****    __ASM volatile ("strexh %0, %2, %1" : "=&r" (result), "=Q" (*addr) : "r" ((uint32_t)value) );
 515:Drivers/CMSIS/Include/cmsis_gcc.h ****    return(result);
 516:Drivers/CMSIS/Include/cmsis_gcc.h **** }
 517:Drivers/CMSIS/Include/cmsis_gcc.h **** 
 518:Drivers/CMSIS/Include/cmsis_gcc.h **** 
 519:Drivers/CMSIS/Include/cmsis_gcc.h **** /**
 520:Drivers/CMSIS/Include/cmsis_gcc.h ****   \brief   STR Exclusive (32 bit)
 521:Drivers/CMSIS/Include/cmsis_gcc.h ****   \details Executes a exclusive STR instruction for 32 bit values.
 522:Drivers/CMSIS/Include/cmsis_gcc.h ****   \param [in]  value  Value to store
 523:Drivers/CMSIS/Include/cmsis_gcc.h ****   \param [in]    ptr  Pointer to location
 524:Drivers/CMSIS/Include/cmsis_gcc.h ****   \return          0  Function succeeded
 525:Drivers/CMSIS/Include/cmsis_gcc.h ****   \return          1  Function failed
 526:Drivers/CMSIS/Include/cmsis_gcc.h ****  */
 527:Drivers/CMSIS/Include/cmsis_gcc.h **** __STATIC_FORCEINLINE uint32_t __STREXW(uint32_t value, volatile uint32_t *addr)
 528:Drivers/CMSIS/Include/cmsis_gcc.h **** {
 529:Drivers/CMSIS/Include/cmsis_gcc.h ****    uint32_t result;
 530:Drivers/CMSIS/Include/cmsis_gcc.h **** 
 531:Drivers/CMSIS/Include/cmsis_gcc.h ****    __ASM volatile ("strex %0, %2, %1" : "=&r" (result), "=Q" (*addr) : "r" (value) );
 532:Drivers/CMSIS/Include/cmsis_gcc.h ****    return(result);
 533:Drivers/CMSIS/Include/cmsis_gcc.h **** }
 534:Drivers/CMSIS/Include/cmsis_gcc.h **** 
 535:Drivers/CMSIS/Include/cmsis_gcc.h **** 
 536:Drivers/CMSIS/Include/cmsis_gcc.h **** /**
 537:Drivers/CMSIS/Include/cmsis_gcc.h ****   \brief   Remove the exclusive lock
 538:Drivers/CMSIS/Include/cmsis_gcc.h ****   \details Removes the exclusive lock which is created by LDREX.
 539:Drivers/CMSIS/Include/cmsis_gcc.h ****  */
 540:Drivers/CMSIS/Include/cmsis_gcc.h **** __STATIC_FORCEINLINE void __CLREX(void)
 541:Drivers/CMSIS/Include/cmsis_gcc.h **** {
 542:Drivers/CMSIS/Include/cmsis_gcc.h ****   __ASM volatile ("clrex" ::: "memory");
 543:Drivers/CMSIS/Include/cmsis_gcc.h **** }
 544:Drivers/CMSIS/Include/cmsis_gcc.h **** 
 545:Drivers/CMSIS/Include/cmsis_gcc.h **** #endif /* ((defined (__ARM_ARCH_7M__      ) && (__ARM_ARCH_7M__      == 1)) || \
 546:Drivers/CMSIS/Include/cmsis_gcc.h ****            (defined (__ARM_ARCH_7EM__     ) && (__ARM_ARCH_7EM__     == 1)) || \
 547:Drivers/CMSIS/Include/cmsis_gcc.h ****            (defined (__ARM_ARCH_8M_MAIN__ ) && (__ARM_ARCH_8M_MAIN__ == 1)) || \
 548:Drivers/CMSIS/Include/cmsis_gcc.h ****            (defined (__ARM_ARCH_8M_BASE__ ) && (__ARM_ARCH_8M_BASE__ == 1))    ) */
 549:Drivers/CMSIS/Include/cmsis_gcc.h **** 
 550:Drivers/CMSIS/Include/cmsis_gcc.h **** 
 551:Drivers/CMSIS/Include/cmsis_gcc.h **** #if ((defined (__ARM_ARCH_7M__      ) && (__ARM_ARCH_7M__      == 1)) || \
 552:Drivers/CMSIS/Include/cmsis_gcc.h ****      (defined (__ARM_ARCH_7EM__     ) && (__ARM_ARCH_7EM__     == 1)) || \
 553:Drivers/CMSIS/Include/cmsis_gcc.h ****      (defined (__ARM_ARCH_8M_MAIN__ ) && (__ARM_ARCH_8M_MAIN__ == 1))    )
 554:Drivers/CMSIS/Include/cmsis_gcc.h **** /**
 555:Drivers/CMSIS/Include/cmsis_gcc.h ****   \brief   Signed Saturate
 556:Drivers/CMSIS/Include/cmsis_gcc.h ****   \details Saturates a signed value.
 557:Drivers/CMSIS/Include/cmsis_gcc.h ****   \param [in]  ARG1  Value to be saturated
 558:Drivers/CMSIS/Include/cmsis_gcc.h ****   \param [in]  ARG2  Bit position to saturate to (1..32)
 559:Drivers/CMSIS/Include/cmsis_gcc.h ****   \return             Saturated value
 560:Drivers/CMSIS/Include/cmsis_gcc.h ****  */
 561:Drivers/CMSIS/Include/cmsis_gcc.h **** #define __SSAT(ARG1, ARG2) \
 562:Drivers/CMSIS/Include/cmsis_gcc.h **** __extension__ \
 563:Drivers/CMSIS/Include/cmsis_gcc.h **** ({                          \
ARM GAS  /tmp/cczpAYQF.s 			page 22


 564:Drivers/CMSIS/Include/cmsis_gcc.h ****   int32_t __RES, __ARG1 = (ARG1); \
 565:Drivers/CMSIS/Include/cmsis_gcc.h ****   __ASM volatile ("ssat %0, %1, %2" : "=r" (__RES) :  "I" (ARG2), "r" (__ARG1) : "cc" ); \
 566:Drivers/CMSIS/Include/cmsis_gcc.h ****   __RES; \
 567:Drivers/CMSIS/Include/cmsis_gcc.h ****  })
 568:Drivers/CMSIS/Include/cmsis_gcc.h **** 
 569:Drivers/CMSIS/Include/cmsis_gcc.h **** 
 570:Drivers/CMSIS/Include/cmsis_gcc.h **** /**
 571:Drivers/CMSIS/Include/cmsis_gcc.h ****   \brief   Unsigned Saturate
 572:Drivers/CMSIS/Include/cmsis_gcc.h ****   \details Saturates an unsigned value.
 573:Drivers/CMSIS/Include/cmsis_gcc.h ****   \param [in]  ARG1  Value to be saturated
 574:Drivers/CMSIS/Include/cmsis_gcc.h ****   \param [in]  ARG2  Bit position to saturate to (0..31)
 575:Drivers/CMSIS/Include/cmsis_gcc.h ****   \return             Saturated value
 576:Drivers/CMSIS/Include/cmsis_gcc.h ****  */
 577:Drivers/CMSIS/Include/cmsis_gcc.h **** #define __USAT(ARG1, ARG2) \
 578:Drivers/CMSIS/Include/cmsis_gcc.h **** __extension__ \
 579:Drivers/CMSIS/Include/cmsis_gcc.h **** ({                          \
 580:Drivers/CMSIS/Include/cmsis_gcc.h ****   uint32_t __RES, __ARG1 = (ARG1); \
 581:Drivers/CMSIS/Include/cmsis_gcc.h ****   __ASM volatile ("usat %0, %1, %2" : "=r" (__RES) :  "I" (ARG2), "r" (__ARG1) : "cc" ); \
 582:Drivers/CMSIS/Include/cmsis_gcc.h ****   __RES; \
 583:Drivers/CMSIS/Include/cmsis_gcc.h ****  })
 584:Drivers/CMSIS/Include/cmsis_gcc.h **** 
 585:Drivers/CMSIS/Include/cmsis_gcc.h **** 
 586:Drivers/CMSIS/Include/cmsis_gcc.h **** /**
 587:Drivers/CMSIS/Include/cmsis_gcc.h ****   \brief   Rotate Right with Extend (32 bit)
 588:Drivers/CMSIS/Include/cmsis_gcc.h ****   \details Moves each bit of a bitstring right by one bit.
 589:Drivers/CMSIS/Include/cmsis_gcc.h ****            The carry input is shifted in at the left end of the bitstring.
 590:Drivers/CMSIS/Include/cmsis_gcc.h ****   \param [in]    value  Value to rotate
 591:Drivers/CMSIS/Include/cmsis_gcc.h ****   \return               Rotated value
 592:Drivers/CMSIS/Include/cmsis_gcc.h ****  */
 593:Drivers/CMSIS/Include/cmsis_gcc.h **** __STATIC_FORCEINLINE uint32_t __RRX(uint32_t value)
 594:Drivers/CMSIS/Include/cmsis_gcc.h **** {
 595:Drivers/CMSIS/Include/cmsis_gcc.h ****   uint32_t result;
 596:Drivers/CMSIS/Include/cmsis_gcc.h **** 
 597:Drivers/CMSIS/Include/cmsis_gcc.h ****   __ASM volatile ("rrx %0, %1" : __CMSIS_GCC_OUT_REG (result) : __CMSIS_GCC_USE_REG (value) );
 598:Drivers/CMSIS/Include/cmsis_gcc.h ****   return(result);
 599:Drivers/CMSIS/Include/cmsis_gcc.h **** }
 600:Drivers/CMSIS/Include/cmsis_gcc.h **** 
 601:Drivers/CMSIS/Include/cmsis_gcc.h **** 
 602:Drivers/CMSIS/Include/cmsis_gcc.h **** /**
 603:Drivers/CMSIS/Include/cmsis_gcc.h ****   \brief   LDRT Unprivileged (8 bit)
 604:Drivers/CMSIS/Include/cmsis_gcc.h ****   \details Executes a Unprivileged LDRT instruction for 8 bit value.
 605:Drivers/CMSIS/Include/cmsis_gcc.h ****   \param [in]    ptr  Pointer to data
 606:Drivers/CMSIS/Include/cmsis_gcc.h ****   \return             value of type uint8_t at (*ptr)
 607:Drivers/CMSIS/Include/cmsis_gcc.h ****  */
 608:Drivers/CMSIS/Include/cmsis_gcc.h **** __STATIC_FORCEINLINE uint8_t __LDRBT(volatile uint8_t *ptr)
 609:Drivers/CMSIS/Include/cmsis_gcc.h **** {
 610:Drivers/CMSIS/Include/cmsis_gcc.h ****     uint32_t result;
 611:Drivers/CMSIS/Include/cmsis_gcc.h **** 
 612:Drivers/CMSIS/Include/cmsis_gcc.h **** #if (__GNUC__ > 4) || (__GNUC__ == 4 && __GNUC_MINOR__ >= 8)
 613:Drivers/CMSIS/Include/cmsis_gcc.h ****    __ASM volatile ("ldrbt %0, %1" : "=r" (result) : "Q" (*ptr) );
 614:Drivers/CMSIS/Include/cmsis_gcc.h **** #else
 615:Drivers/CMSIS/Include/cmsis_gcc.h ****     /* Prior to GCC 4.8, "Q" will be expanded to [rx, #0] which is not
 616:Drivers/CMSIS/Include/cmsis_gcc.h ****        accepted by assembler. So has to use following less efficient pattern.
 617:Drivers/CMSIS/Include/cmsis_gcc.h ****     */
 618:Drivers/CMSIS/Include/cmsis_gcc.h ****    __ASM volatile ("ldrbt %0, [%1]" : "=r" (result) : "r" (ptr) : "memory" );
 619:Drivers/CMSIS/Include/cmsis_gcc.h **** #endif
 620:Drivers/CMSIS/Include/cmsis_gcc.h ****    return ((uint8_t) result);    /* Add explicit type cast here */
ARM GAS  /tmp/cczpAYQF.s 			page 23


 621:Drivers/CMSIS/Include/cmsis_gcc.h **** }
 622:Drivers/CMSIS/Include/cmsis_gcc.h **** 
 623:Drivers/CMSIS/Include/cmsis_gcc.h **** 
 624:Drivers/CMSIS/Include/cmsis_gcc.h **** /**
 625:Drivers/CMSIS/Include/cmsis_gcc.h ****   \brief   LDRT Unprivileged (16 bit)
 626:Drivers/CMSIS/Include/cmsis_gcc.h ****   \details Executes a Unprivileged LDRT instruction for 16 bit values.
 627:Drivers/CMSIS/Include/cmsis_gcc.h ****   \param [in]    ptr  Pointer to data
 628:Drivers/CMSIS/Include/cmsis_gcc.h ****   \return        value of type uint16_t at (*ptr)
 629:Drivers/CMSIS/Include/cmsis_gcc.h ****  */
 630:Drivers/CMSIS/Include/cmsis_gcc.h **** __STATIC_FORCEINLINE uint16_t __LDRHT(volatile uint16_t *ptr)
 631:Drivers/CMSIS/Include/cmsis_gcc.h **** {
 632:Drivers/CMSIS/Include/cmsis_gcc.h ****     uint32_t result;
 633:Drivers/CMSIS/Include/cmsis_gcc.h **** 
 634:Drivers/CMSIS/Include/cmsis_gcc.h **** #if (__GNUC__ > 4) || (__GNUC__ == 4 && __GNUC_MINOR__ >= 8)
 635:Drivers/CMSIS/Include/cmsis_gcc.h ****    __ASM volatile ("ldrht %0, %1" : "=r" (result) : "Q" (*ptr) );
 636:Drivers/CMSIS/Include/cmsis_gcc.h **** #else
 637:Drivers/CMSIS/Include/cmsis_gcc.h ****     /* Prior to GCC 4.8, "Q" will be expanded to [rx, #0] which is not
 638:Drivers/CMSIS/Include/cmsis_gcc.h ****        accepted by assembler. So has to use following less efficient pattern.
 639:Drivers/CMSIS/Include/cmsis_gcc.h ****     */
 640:Drivers/CMSIS/Include/cmsis_gcc.h ****    __ASM volatile ("ldrht %0, [%1]" : "=r" (result) : "r" (ptr) : "memory" );
 641:Drivers/CMSIS/Include/cmsis_gcc.h **** #endif
 642:Drivers/CMSIS/Include/cmsis_gcc.h ****    return ((uint16_t) result);    /* Add explicit type cast here */
 643:Drivers/CMSIS/Include/cmsis_gcc.h **** }
 644:Drivers/CMSIS/Include/cmsis_gcc.h **** 
 645:Drivers/CMSIS/Include/cmsis_gcc.h **** 
 646:Drivers/CMSIS/Include/cmsis_gcc.h **** /**
 647:Drivers/CMSIS/Include/cmsis_gcc.h ****   \brief   LDRT Unprivileged (32 bit)
 648:Drivers/CMSIS/Include/cmsis_gcc.h ****   \details Executes a Unprivileged LDRT instruction for 32 bit values.
 649:Drivers/CMSIS/Include/cmsis_gcc.h ****   \param [in]    ptr  Pointer to data
 650:Drivers/CMSIS/Include/cmsis_gcc.h ****   \return        value of type uint32_t at (*ptr)
 651:Drivers/CMSIS/Include/cmsis_gcc.h ****  */
 652:Drivers/CMSIS/Include/cmsis_gcc.h **** __STATIC_FORCEINLINE uint32_t __LDRT(volatile uint32_t *ptr)
 653:Drivers/CMSIS/Include/cmsis_gcc.h **** {
 654:Drivers/CMSIS/Include/cmsis_gcc.h ****     uint32_t result;
 655:Drivers/CMSIS/Include/cmsis_gcc.h **** 
 656:Drivers/CMSIS/Include/cmsis_gcc.h ****    __ASM volatile ("ldrt %0, %1" : "=r" (result) : "Q" (*ptr) );
 657:Drivers/CMSIS/Include/cmsis_gcc.h ****    return(result);
 658:Drivers/CMSIS/Include/cmsis_gcc.h **** }
 659:Drivers/CMSIS/Include/cmsis_gcc.h **** 
 660:Drivers/CMSIS/Include/cmsis_gcc.h **** 
 661:Drivers/CMSIS/Include/cmsis_gcc.h **** /**
 662:Drivers/CMSIS/Include/cmsis_gcc.h ****   \brief   STRT Unprivileged (8 bit)
 663:Drivers/CMSIS/Include/cmsis_gcc.h ****   \details Executes a Unprivileged STRT instruction for 8 bit values.
 664:Drivers/CMSIS/Include/cmsis_gcc.h ****   \param [in]  value  Value to store
 665:Drivers/CMSIS/Include/cmsis_gcc.h ****   \param [in]    ptr  Pointer to location
 666:Drivers/CMSIS/Include/cmsis_gcc.h ****  */
 667:Drivers/CMSIS/Include/cmsis_gcc.h **** __STATIC_FORCEINLINE void __STRBT(uint8_t value, volatile uint8_t *ptr)
 668:Drivers/CMSIS/Include/cmsis_gcc.h **** {
 669:Drivers/CMSIS/Include/cmsis_gcc.h ****    __ASM volatile ("strbt %1, %0" : "=Q" (*ptr) : "r" ((uint32_t)value) );
 670:Drivers/CMSIS/Include/cmsis_gcc.h **** }
 671:Drivers/CMSIS/Include/cmsis_gcc.h **** 
 672:Drivers/CMSIS/Include/cmsis_gcc.h **** 
 673:Drivers/CMSIS/Include/cmsis_gcc.h **** /**
 674:Drivers/CMSIS/Include/cmsis_gcc.h ****   \brief   STRT Unprivileged (16 bit)
 675:Drivers/CMSIS/Include/cmsis_gcc.h ****   \details Executes a Unprivileged STRT instruction for 16 bit values.
 676:Drivers/CMSIS/Include/cmsis_gcc.h ****   \param [in]  value  Value to store
 677:Drivers/CMSIS/Include/cmsis_gcc.h ****   \param [in]    ptr  Pointer to location
ARM GAS  /tmp/cczpAYQF.s 			page 24


 678:Drivers/CMSIS/Include/cmsis_gcc.h ****  */
 679:Drivers/CMSIS/Include/cmsis_gcc.h **** __STATIC_FORCEINLINE void __STRHT(uint16_t value, volatile uint16_t *ptr)
 680:Drivers/CMSIS/Include/cmsis_gcc.h **** {
 681:Drivers/CMSIS/Include/cmsis_gcc.h ****    __ASM volatile ("strht %1, %0" : "=Q" (*ptr) : "r" ((uint32_t)value) );
 682:Drivers/CMSIS/Include/cmsis_gcc.h **** }
 683:Drivers/CMSIS/Include/cmsis_gcc.h **** 
 684:Drivers/CMSIS/Include/cmsis_gcc.h **** 
 685:Drivers/CMSIS/Include/cmsis_gcc.h **** /**
 686:Drivers/CMSIS/Include/cmsis_gcc.h ****   \brief   STRT Unprivileged (32 bit)
 687:Drivers/CMSIS/Include/cmsis_gcc.h ****   \details Executes a Unprivileged STRT instruction for 32 bit values.
 688:Drivers/CMSIS/Include/cmsis_gcc.h ****   \param [in]  value  Value to store
 689:Drivers/CMSIS/Include/cmsis_gcc.h ****   \param [in]    ptr  Pointer to location
 690:Drivers/CMSIS/Include/cmsis_gcc.h ****  */
 691:Drivers/CMSIS/Include/cmsis_gcc.h **** __STATIC_FORCEINLINE void __STRT(uint32_t value, volatile uint32_t *ptr)
 692:Drivers/CMSIS/Include/cmsis_gcc.h **** {
 693:Drivers/CMSIS/Include/cmsis_gcc.h ****    __ASM volatile ("strt %1, %0" : "=Q" (*ptr) : "r" (value) );
 694:Drivers/CMSIS/Include/cmsis_gcc.h **** }
 695:Drivers/CMSIS/Include/cmsis_gcc.h **** 
 696:Drivers/CMSIS/Include/cmsis_gcc.h **** #else  /* ((defined (__ARM_ARCH_7M__      ) && (__ARM_ARCH_7M__      == 1)) || \
 697:Drivers/CMSIS/Include/cmsis_gcc.h ****            (defined (__ARM_ARCH_7EM__     ) && (__ARM_ARCH_7EM__     == 1)) || \
 698:Drivers/CMSIS/Include/cmsis_gcc.h ****            (defined (__ARM_ARCH_8M_MAIN__ ) && (__ARM_ARCH_8M_MAIN__ == 1))    ) */
 699:Drivers/CMSIS/Include/cmsis_gcc.h **** 
 700:Drivers/CMSIS/Include/cmsis_gcc.h **** /**
 701:Drivers/CMSIS/Include/cmsis_gcc.h ****   \brief   Signed Saturate
 702:Drivers/CMSIS/Include/cmsis_gcc.h ****   \details Saturates a signed value.
 703:Drivers/CMSIS/Include/cmsis_gcc.h ****   \param [in]  value  Value to be saturated
 704:Drivers/CMSIS/Include/cmsis_gcc.h ****   \param [in]    sat  Bit position to saturate to (1..32)
 705:Drivers/CMSIS/Include/cmsis_gcc.h ****   \return             Saturated value
 706:Drivers/CMSIS/Include/cmsis_gcc.h ****  */
 707:Drivers/CMSIS/Include/cmsis_gcc.h **** __STATIC_FORCEINLINE int32_t __SSAT(int32_t val, uint32_t sat)
 708:Drivers/CMSIS/Include/cmsis_gcc.h **** {
 709:Drivers/CMSIS/Include/cmsis_gcc.h ****   if ((sat >= 1U) && (sat <= 32U))
 710:Drivers/CMSIS/Include/cmsis_gcc.h ****   {
 711:Drivers/CMSIS/Include/cmsis_gcc.h ****     const int32_t max = (int32_t)((1U << (sat - 1U)) - 1U);
 712:Drivers/CMSIS/Include/cmsis_gcc.h ****     const int32_t min = -1 - max ;
 713:Drivers/CMSIS/Include/cmsis_gcc.h ****     if (val > max)
 714:Drivers/CMSIS/Include/cmsis_gcc.h ****     {
 715:Drivers/CMSIS/Include/cmsis_gcc.h ****       return max;
 716:Drivers/CMSIS/Include/cmsis_gcc.h ****     }
 717:Drivers/CMSIS/Include/cmsis_gcc.h ****     else if (val < min)
 718:Drivers/CMSIS/Include/cmsis_gcc.h ****     {
 719:Drivers/CMSIS/Include/cmsis_gcc.h ****       return min;
 720:Drivers/CMSIS/Include/cmsis_gcc.h ****     }
 721:Drivers/CMSIS/Include/cmsis_gcc.h ****   }
 722:Drivers/CMSIS/Include/cmsis_gcc.h ****   return val;
 723:Drivers/CMSIS/Include/cmsis_gcc.h **** }
 724:Drivers/CMSIS/Include/cmsis_gcc.h **** 
 725:Drivers/CMSIS/Include/cmsis_gcc.h **** /**
 726:Drivers/CMSIS/Include/cmsis_gcc.h ****   \brief   Unsigned Saturate
 727:Drivers/CMSIS/Include/cmsis_gcc.h ****   \details Saturates an unsigned value.
 728:Drivers/CMSIS/Include/cmsis_gcc.h ****   \param [in]  value  Value to be saturated
 729:Drivers/CMSIS/Include/cmsis_gcc.h ****   \param [in]    sat  Bit position to saturate to (0..31)
 730:Drivers/CMSIS/Include/cmsis_gcc.h ****   \return             Saturated value
 731:Drivers/CMSIS/Include/cmsis_gcc.h ****  */
 732:Drivers/CMSIS/Include/cmsis_gcc.h **** __STATIC_FORCEINLINE uint32_t __USAT(int32_t val, uint32_t sat)
 733:Drivers/CMSIS/Include/cmsis_gcc.h **** {
 734:Drivers/CMSIS/Include/cmsis_gcc.h ****   if (sat <= 31U)
ARM GAS  /tmp/cczpAYQF.s 			page 25


 735:Drivers/CMSIS/Include/cmsis_gcc.h ****   {
 736:Drivers/CMSIS/Include/cmsis_gcc.h ****     const uint32_t max = ((1U << sat) - 1U);
 737:Drivers/CMSIS/Include/cmsis_gcc.h ****     if (val > (int32_t)max)
 738:Drivers/CMSIS/Include/cmsis_gcc.h ****     {
 739:Drivers/CMSIS/Include/cmsis_gcc.h ****       return max;
 740:Drivers/CMSIS/Include/cmsis_gcc.h ****     }
 741:Drivers/CMSIS/Include/cmsis_gcc.h ****     else if (val < 0)
 742:Drivers/CMSIS/Include/cmsis_gcc.h ****     {
 743:Drivers/CMSIS/Include/cmsis_gcc.h ****       return 0U;
 744:Drivers/CMSIS/Include/cmsis_gcc.h ****     }
 745:Drivers/CMSIS/Include/cmsis_gcc.h ****   }
 746:Drivers/CMSIS/Include/cmsis_gcc.h ****   return (uint32_t)val;
 747:Drivers/CMSIS/Include/cmsis_gcc.h **** }
 748:Drivers/CMSIS/Include/cmsis_gcc.h **** 
 749:Drivers/CMSIS/Include/cmsis_gcc.h **** #endif /* ((defined (__ARM_ARCH_7M__      ) && (__ARM_ARCH_7M__      == 1)) || \
 750:Drivers/CMSIS/Include/cmsis_gcc.h ****            (defined (__ARM_ARCH_7EM__     ) && (__ARM_ARCH_7EM__     == 1)) || \
 751:Drivers/CMSIS/Include/cmsis_gcc.h ****            (defined (__ARM_ARCH_8M_MAIN__ ) && (__ARM_ARCH_8M_MAIN__ == 1))    ) */
 752:Drivers/CMSIS/Include/cmsis_gcc.h **** 
 753:Drivers/CMSIS/Include/cmsis_gcc.h **** 
 754:Drivers/CMSIS/Include/cmsis_gcc.h **** #if ((defined (__ARM_ARCH_8M_MAIN__ ) && (__ARM_ARCH_8M_MAIN__ == 1)) || \
 755:Drivers/CMSIS/Include/cmsis_gcc.h ****      (defined (__ARM_ARCH_8M_BASE__ ) && (__ARM_ARCH_8M_BASE__ == 1))    )
 756:Drivers/CMSIS/Include/cmsis_gcc.h **** /**
 757:Drivers/CMSIS/Include/cmsis_gcc.h ****   \brief   Load-Acquire (8 bit)
 758:Drivers/CMSIS/Include/cmsis_gcc.h ****   \details Executes a LDAB instruction for 8 bit value.
 759:Drivers/CMSIS/Include/cmsis_gcc.h ****   \param [in]    ptr  Pointer to data
 760:Drivers/CMSIS/Include/cmsis_gcc.h ****   \return             value of type uint8_t at (*ptr)
 761:Drivers/CMSIS/Include/cmsis_gcc.h ****  */
 762:Drivers/CMSIS/Include/cmsis_gcc.h **** __STATIC_FORCEINLINE uint8_t __LDAB(volatile uint8_t *ptr)
 763:Drivers/CMSIS/Include/cmsis_gcc.h **** {
 764:Drivers/CMSIS/Include/cmsis_gcc.h ****     uint32_t result;
 765:Drivers/CMSIS/Include/cmsis_gcc.h **** 
 766:Drivers/CMSIS/Include/cmsis_gcc.h ****    __ASM volatile ("ldab %0, %1" : "=r" (result) : "Q" (*ptr) : "memory" );
 767:Drivers/CMSIS/Include/cmsis_gcc.h ****    return ((uint8_t) result);
 768:Drivers/CMSIS/Include/cmsis_gcc.h **** }
 769:Drivers/CMSIS/Include/cmsis_gcc.h **** 
 770:Drivers/CMSIS/Include/cmsis_gcc.h **** 
 771:Drivers/CMSIS/Include/cmsis_gcc.h **** /**
 772:Drivers/CMSIS/Include/cmsis_gcc.h ****   \brief   Load-Acquire (16 bit)
 773:Drivers/CMSIS/Include/cmsis_gcc.h ****   \details Executes a LDAH instruction for 16 bit values.
 774:Drivers/CMSIS/Include/cmsis_gcc.h ****   \param [in]    ptr  Pointer to data
 775:Drivers/CMSIS/Include/cmsis_gcc.h ****   \return        value of type uint16_t at (*ptr)
 776:Drivers/CMSIS/Include/cmsis_gcc.h ****  */
 777:Drivers/CMSIS/Include/cmsis_gcc.h **** __STATIC_FORCEINLINE uint16_t __LDAH(volatile uint16_t *ptr)
 778:Drivers/CMSIS/Include/cmsis_gcc.h **** {
 779:Drivers/CMSIS/Include/cmsis_gcc.h ****     uint32_t result;
 780:Drivers/CMSIS/Include/cmsis_gcc.h **** 
 781:Drivers/CMSIS/Include/cmsis_gcc.h ****    __ASM volatile ("ldah %0, %1" : "=r" (result) : "Q" (*ptr) : "memory" );
 782:Drivers/CMSIS/Include/cmsis_gcc.h ****    return ((uint16_t) result);
 783:Drivers/CMSIS/Include/cmsis_gcc.h **** }
 784:Drivers/CMSIS/Include/cmsis_gcc.h **** 
 785:Drivers/CMSIS/Include/cmsis_gcc.h **** 
 786:Drivers/CMSIS/Include/cmsis_gcc.h **** /**
 787:Drivers/CMSIS/Include/cmsis_gcc.h ****   \brief   Load-Acquire (32 bit)
 788:Drivers/CMSIS/Include/cmsis_gcc.h ****   \details Executes a LDA instruction for 32 bit values.
 789:Drivers/CMSIS/Include/cmsis_gcc.h ****   \param [in]    ptr  Pointer to data
 790:Drivers/CMSIS/Include/cmsis_gcc.h ****   \return        value of type uint32_t at (*ptr)
 791:Drivers/CMSIS/Include/cmsis_gcc.h ****  */
ARM GAS  /tmp/cczpAYQF.s 			page 26


 792:Drivers/CMSIS/Include/cmsis_gcc.h **** __STATIC_FORCEINLINE uint32_t __LDA(volatile uint32_t *ptr)
 793:Drivers/CMSIS/Include/cmsis_gcc.h **** {
 794:Drivers/CMSIS/Include/cmsis_gcc.h ****     uint32_t result;
 795:Drivers/CMSIS/Include/cmsis_gcc.h **** 
 796:Drivers/CMSIS/Include/cmsis_gcc.h ****    __ASM volatile ("lda %0, %1" : "=r" (result) : "Q" (*ptr) : "memory" );
 797:Drivers/CMSIS/Include/cmsis_gcc.h ****    return(result);
 798:Drivers/CMSIS/Include/cmsis_gcc.h **** }
 799:Drivers/CMSIS/Include/cmsis_gcc.h **** 
 800:Drivers/CMSIS/Include/cmsis_gcc.h **** 
 801:Drivers/CMSIS/Include/cmsis_gcc.h **** /**
 802:Drivers/CMSIS/Include/cmsis_gcc.h ****   \brief   Store-Release (8 bit)
 803:Drivers/CMSIS/Include/cmsis_gcc.h ****   \details Executes a STLB instruction for 8 bit values.
 804:Drivers/CMSIS/Include/cmsis_gcc.h ****   \param [in]  value  Value to store
 805:Drivers/CMSIS/Include/cmsis_gcc.h ****   \param [in]    ptr  Pointer to location
 806:Drivers/CMSIS/Include/cmsis_gcc.h ****  */
 807:Drivers/CMSIS/Include/cmsis_gcc.h **** __STATIC_FORCEINLINE void __STLB(uint8_t value, volatile uint8_t *ptr)
 808:Drivers/CMSIS/Include/cmsis_gcc.h **** {
 809:Drivers/CMSIS/Include/cmsis_gcc.h ****    __ASM volatile ("stlb %1, %0" : "=Q" (*ptr) : "r" ((uint32_t)value) : "memory" );
 810:Drivers/CMSIS/Include/cmsis_gcc.h **** }
 811:Drivers/CMSIS/Include/cmsis_gcc.h **** 
 812:Drivers/CMSIS/Include/cmsis_gcc.h **** 
 813:Drivers/CMSIS/Include/cmsis_gcc.h **** /**
 814:Drivers/CMSIS/Include/cmsis_gcc.h ****   \brief   Store-Release (16 bit)
 815:Drivers/CMSIS/Include/cmsis_gcc.h ****   \details Executes a STLH instruction for 16 bit values.
 816:Drivers/CMSIS/Include/cmsis_gcc.h ****   \param [in]  value  Value to store
 817:Drivers/CMSIS/Include/cmsis_gcc.h ****   \param [in]    ptr  Pointer to location
 818:Drivers/CMSIS/Include/cmsis_gcc.h ****  */
 819:Drivers/CMSIS/Include/cmsis_gcc.h **** __STATIC_FORCEINLINE void __STLH(uint16_t value, volatile uint16_t *ptr)
 820:Drivers/CMSIS/Include/cmsis_gcc.h **** {
 821:Drivers/CMSIS/Include/cmsis_gcc.h ****    __ASM volatile ("stlh %1, %0" : "=Q" (*ptr) : "r" ((uint32_t)value) : "memory" );
 822:Drivers/CMSIS/Include/cmsis_gcc.h **** }
 823:Drivers/CMSIS/Include/cmsis_gcc.h **** 
 824:Drivers/CMSIS/Include/cmsis_gcc.h **** 
 825:Drivers/CMSIS/Include/cmsis_gcc.h **** /**
 826:Drivers/CMSIS/Include/cmsis_gcc.h ****   \brief   Store-Release (32 bit)
 827:Drivers/CMSIS/Include/cmsis_gcc.h ****   \details Executes a STL instruction for 32 bit values.
 828:Drivers/CMSIS/Include/cmsis_gcc.h ****   \param [in]  value  Value to store
 829:Drivers/CMSIS/Include/cmsis_gcc.h ****   \param [in]    ptr  Pointer to location
 830:Drivers/CMSIS/Include/cmsis_gcc.h ****  */
 831:Drivers/CMSIS/Include/cmsis_gcc.h **** __STATIC_FORCEINLINE void __STL(uint32_t value, volatile uint32_t *ptr)
 832:Drivers/CMSIS/Include/cmsis_gcc.h **** {
 833:Drivers/CMSIS/Include/cmsis_gcc.h ****    __ASM volatile ("stl %1, %0" : "=Q" (*ptr) : "r" ((uint32_t)value) : "memory" );
 834:Drivers/CMSIS/Include/cmsis_gcc.h **** }
 835:Drivers/CMSIS/Include/cmsis_gcc.h **** 
 836:Drivers/CMSIS/Include/cmsis_gcc.h **** 
 837:Drivers/CMSIS/Include/cmsis_gcc.h **** /**
 838:Drivers/CMSIS/Include/cmsis_gcc.h ****   \brief   Load-Acquire Exclusive (8 bit)
 839:Drivers/CMSIS/Include/cmsis_gcc.h ****   \details Executes a LDAB exclusive instruction for 8 bit value.
 840:Drivers/CMSIS/Include/cmsis_gcc.h ****   \param [in]    ptr  Pointer to data
 841:Drivers/CMSIS/Include/cmsis_gcc.h ****   \return             value of type uint8_t at (*ptr)
 842:Drivers/CMSIS/Include/cmsis_gcc.h ****  */
 843:Drivers/CMSIS/Include/cmsis_gcc.h **** __STATIC_FORCEINLINE uint8_t __LDAEXB(volatile uint8_t *ptr)
 844:Drivers/CMSIS/Include/cmsis_gcc.h **** {
 845:Drivers/CMSIS/Include/cmsis_gcc.h ****     uint32_t result;
 846:Drivers/CMSIS/Include/cmsis_gcc.h **** 
 847:Drivers/CMSIS/Include/cmsis_gcc.h ****    __ASM volatile ("ldaexb %0, %1" : "=r" (result) : "Q" (*ptr) : "memory" );
 848:Drivers/CMSIS/Include/cmsis_gcc.h ****    return ((uint8_t) result);
ARM GAS  /tmp/cczpAYQF.s 			page 27


 849:Drivers/CMSIS/Include/cmsis_gcc.h **** }
 850:Drivers/CMSIS/Include/cmsis_gcc.h **** 
 851:Drivers/CMSIS/Include/cmsis_gcc.h **** 
 852:Drivers/CMSIS/Include/cmsis_gcc.h **** /**
 853:Drivers/CMSIS/Include/cmsis_gcc.h ****   \brief   Load-Acquire Exclusive (16 bit)
 854:Drivers/CMSIS/Include/cmsis_gcc.h ****   \details Executes a LDAH exclusive instruction for 16 bit values.
 855:Drivers/CMSIS/Include/cmsis_gcc.h ****   \param [in]    ptr  Pointer to data
 856:Drivers/CMSIS/Include/cmsis_gcc.h ****   \return        value of type uint16_t at (*ptr)
 857:Drivers/CMSIS/Include/cmsis_gcc.h ****  */
 858:Drivers/CMSIS/Include/cmsis_gcc.h **** __STATIC_FORCEINLINE uint16_t __LDAEXH(volatile uint16_t *ptr)
 859:Drivers/CMSIS/Include/cmsis_gcc.h **** {
 860:Drivers/CMSIS/Include/cmsis_gcc.h ****     uint32_t result;
 861:Drivers/CMSIS/Include/cmsis_gcc.h **** 
 862:Drivers/CMSIS/Include/cmsis_gcc.h ****    __ASM volatile ("ldaexh %0, %1" : "=r" (result) : "Q" (*ptr) : "memory" );
 863:Drivers/CMSIS/Include/cmsis_gcc.h ****    return ((uint16_t) result);
 864:Drivers/CMSIS/Include/cmsis_gcc.h **** }
 865:Drivers/CMSIS/Include/cmsis_gcc.h **** 
 866:Drivers/CMSIS/Include/cmsis_gcc.h **** 
 867:Drivers/CMSIS/Include/cmsis_gcc.h **** /**
 868:Drivers/CMSIS/Include/cmsis_gcc.h ****   \brief   Load-Acquire Exclusive (32 bit)
 869:Drivers/CMSIS/Include/cmsis_gcc.h ****   \details Executes a LDA exclusive instruction for 32 bit values.
 870:Drivers/CMSIS/Include/cmsis_gcc.h ****   \param [in]    ptr  Pointer to data
 871:Drivers/CMSIS/Include/cmsis_gcc.h ****   \return        value of type uint32_t at (*ptr)
 872:Drivers/CMSIS/Include/cmsis_gcc.h ****  */
 873:Drivers/CMSIS/Include/cmsis_gcc.h **** __STATIC_FORCEINLINE uint32_t __LDAEX(volatile uint32_t *ptr)
 874:Drivers/CMSIS/Include/cmsis_gcc.h **** {
 875:Drivers/CMSIS/Include/cmsis_gcc.h ****     uint32_t result;
 876:Drivers/CMSIS/Include/cmsis_gcc.h **** 
 877:Drivers/CMSIS/Include/cmsis_gcc.h ****    __ASM volatile ("ldaex %0, %1" : "=r" (result) : "Q" (*ptr) : "memory" );
 878:Drivers/CMSIS/Include/cmsis_gcc.h ****    return(result);
 879:Drivers/CMSIS/Include/cmsis_gcc.h **** }
 880:Drivers/CMSIS/Include/cmsis_gcc.h **** 
 881:Drivers/CMSIS/Include/cmsis_gcc.h **** 
 882:Drivers/CMSIS/Include/cmsis_gcc.h **** /**
 883:Drivers/CMSIS/Include/cmsis_gcc.h ****   \brief   Store-Release Exclusive (8 bit)
 884:Drivers/CMSIS/Include/cmsis_gcc.h ****   \details Executes a STLB exclusive instruction for 8 bit values.
 885:Drivers/CMSIS/Include/cmsis_gcc.h ****   \param [in]  value  Value to store
 886:Drivers/CMSIS/Include/cmsis_gcc.h ****   \param [in]    ptr  Pointer to location
 887:Drivers/CMSIS/Include/cmsis_gcc.h ****   \return          0  Function succeeded
 888:Drivers/CMSIS/Include/cmsis_gcc.h ****   \return          1  Function failed
 889:Drivers/CMSIS/Include/cmsis_gcc.h ****  */
 890:Drivers/CMSIS/Include/cmsis_gcc.h **** __STATIC_FORCEINLINE uint32_t __STLEXB(uint8_t value, volatile uint8_t *ptr)
 891:Drivers/CMSIS/Include/cmsis_gcc.h **** {
 892:Drivers/CMSIS/Include/cmsis_gcc.h ****    uint32_t result;
 893:Drivers/CMSIS/Include/cmsis_gcc.h **** 
 894:Drivers/CMSIS/Include/cmsis_gcc.h ****    __ASM volatile ("stlexb %0, %2, %1" : "=&r" (result), "=Q" (*ptr) : "r" ((uint32_t)value) : "mem
 895:Drivers/CMSIS/Include/cmsis_gcc.h ****    return(result);
 896:Drivers/CMSIS/Include/cmsis_gcc.h **** }
 897:Drivers/CMSIS/Include/cmsis_gcc.h **** 
 898:Drivers/CMSIS/Include/cmsis_gcc.h **** 
 899:Drivers/CMSIS/Include/cmsis_gcc.h **** /**
 900:Drivers/CMSIS/Include/cmsis_gcc.h ****   \brief   Store-Release Exclusive (16 bit)
 901:Drivers/CMSIS/Include/cmsis_gcc.h ****   \details Executes a STLH exclusive instruction for 16 bit values.
 902:Drivers/CMSIS/Include/cmsis_gcc.h ****   \param [in]  value  Value to store
 903:Drivers/CMSIS/Include/cmsis_gcc.h ****   \param [in]    ptr  Pointer to location
 904:Drivers/CMSIS/Include/cmsis_gcc.h ****   \return          0  Function succeeded
 905:Drivers/CMSIS/Include/cmsis_gcc.h ****   \return          1  Function failed
ARM GAS  /tmp/cczpAYQF.s 			page 28


 906:Drivers/CMSIS/Include/cmsis_gcc.h ****  */
 907:Drivers/CMSIS/Include/cmsis_gcc.h **** __STATIC_FORCEINLINE uint32_t __STLEXH(uint16_t value, volatile uint16_t *ptr)
 908:Drivers/CMSIS/Include/cmsis_gcc.h **** {
 909:Drivers/CMSIS/Include/cmsis_gcc.h ****    uint32_t result;
 910:Drivers/CMSIS/Include/cmsis_gcc.h **** 
 911:Drivers/CMSIS/Include/cmsis_gcc.h ****    __ASM volatile ("stlexh %0, %2, %1" : "=&r" (result), "=Q" (*ptr) : "r" ((uint32_t)value) : "mem
 912:Drivers/CMSIS/Include/cmsis_gcc.h ****    return(result);
 913:Drivers/CMSIS/Include/cmsis_gcc.h **** }
 914:Drivers/CMSIS/Include/cmsis_gcc.h **** 
 915:Drivers/CMSIS/Include/cmsis_gcc.h **** 
 916:Drivers/CMSIS/Include/cmsis_gcc.h **** /**
 917:Drivers/CMSIS/Include/cmsis_gcc.h ****   \brief   Store-Release Exclusive (32 bit)
 918:Drivers/CMSIS/Include/cmsis_gcc.h ****   \details Executes a STL exclusive instruction for 32 bit values.
 919:Drivers/CMSIS/Include/cmsis_gcc.h ****   \param [in]  value  Value to store
 920:Drivers/CMSIS/Include/cmsis_gcc.h ****   \param [in]    ptr  Pointer to location
 921:Drivers/CMSIS/Include/cmsis_gcc.h ****   \return          0  Function succeeded
 922:Drivers/CMSIS/Include/cmsis_gcc.h ****   \return          1  Function failed
 923:Drivers/CMSIS/Include/cmsis_gcc.h ****  */
 924:Drivers/CMSIS/Include/cmsis_gcc.h **** __STATIC_FORCEINLINE uint32_t __STLEX(uint32_t value, volatile uint32_t *ptr)
 925:Drivers/CMSIS/Include/cmsis_gcc.h **** {
 926:Drivers/CMSIS/Include/cmsis_gcc.h ****    uint32_t result;
 927:Drivers/CMSIS/Include/cmsis_gcc.h **** 
 928:Drivers/CMSIS/Include/cmsis_gcc.h ****    __ASM volatile ("stlex %0, %2, %1" : "=&r" (result), "=Q" (*ptr) : "r" ((uint32_t)value) : "memo
 929:Drivers/CMSIS/Include/cmsis_gcc.h ****    return(result);
 930:Drivers/CMSIS/Include/cmsis_gcc.h **** }
 931:Drivers/CMSIS/Include/cmsis_gcc.h **** 
 932:Drivers/CMSIS/Include/cmsis_gcc.h **** #endif /* ((defined (__ARM_ARCH_8M_MAIN__ ) && (__ARM_ARCH_8M_MAIN__ == 1)) || \
 933:Drivers/CMSIS/Include/cmsis_gcc.h ****            (defined (__ARM_ARCH_8M_BASE__ ) && (__ARM_ARCH_8M_BASE__ == 1))    ) */
 934:Drivers/CMSIS/Include/cmsis_gcc.h **** 
 935:Drivers/CMSIS/Include/cmsis_gcc.h **** /*@}*/ /* end of group CMSIS_Core_InstructionInterface */
 936:Drivers/CMSIS/Include/cmsis_gcc.h **** 
 937:Drivers/CMSIS/Include/cmsis_gcc.h **** 
 938:Drivers/CMSIS/Include/cmsis_gcc.h **** /* ###########################  Core Function Access  ########################### */
 939:Drivers/CMSIS/Include/cmsis_gcc.h **** /** \ingroup  CMSIS_Core_FunctionInterface
 940:Drivers/CMSIS/Include/cmsis_gcc.h ****     \defgroup CMSIS_Core_RegAccFunctions CMSIS Core Register Access Functions
 941:Drivers/CMSIS/Include/cmsis_gcc.h ****   @{
 942:Drivers/CMSIS/Include/cmsis_gcc.h ****  */
 943:Drivers/CMSIS/Include/cmsis_gcc.h **** 
 944:Drivers/CMSIS/Include/cmsis_gcc.h **** /**
 945:Drivers/CMSIS/Include/cmsis_gcc.h ****   \brief   Enable IRQ Interrupts
 946:Drivers/CMSIS/Include/cmsis_gcc.h ****   \details Enables IRQ interrupts by clearing special-purpose register PRIMASK.
 947:Drivers/CMSIS/Include/cmsis_gcc.h ****            Can only be executed in Privileged modes.
 948:Drivers/CMSIS/Include/cmsis_gcc.h ****  */
 949:Drivers/CMSIS/Include/cmsis_gcc.h **** __STATIC_FORCEINLINE void __enable_irq(void)
 950:Drivers/CMSIS/Include/cmsis_gcc.h **** {
 951:Drivers/CMSIS/Include/cmsis_gcc.h ****   __ASM volatile ("cpsie i" : : : "memory");
 952:Drivers/CMSIS/Include/cmsis_gcc.h **** }
 953:Drivers/CMSIS/Include/cmsis_gcc.h **** 
 954:Drivers/CMSIS/Include/cmsis_gcc.h **** 
 955:Drivers/CMSIS/Include/cmsis_gcc.h **** /**
 956:Drivers/CMSIS/Include/cmsis_gcc.h ****   \brief   Disable IRQ Interrupts
 957:Drivers/CMSIS/Include/cmsis_gcc.h ****   \details Disables IRQ interrupts by setting special-purpose register PRIMASK.
 958:Drivers/CMSIS/Include/cmsis_gcc.h ****            Can only be executed in Privileged modes.
 959:Drivers/CMSIS/Include/cmsis_gcc.h ****  */
 960:Drivers/CMSIS/Include/cmsis_gcc.h **** __STATIC_FORCEINLINE void __disable_irq(void)
 493              		.loc 2 960 27 view .LVU112
 494              	.LBB16:
ARM GAS  /tmp/cczpAYQF.s 			page 29


 961:Drivers/CMSIS/Include/cmsis_gcc.h **** {
 962:Drivers/CMSIS/Include/cmsis_gcc.h ****   __ASM volatile ("cpsid i" : : : "memory");
 495              		.loc 2 962 3 view .LVU113
 496              		.syntax unified
 497              	@ 962 "Drivers/CMSIS/Include/cmsis_gcc.h" 1
 498 0000 72B6     		cpsid i
 499              	@ 0 "" 2
 500              		.thumb
 501              		.syntax unified
 502              	.LBE16:
 503              	.LBE15:
 121:Core/Src/input.c ****     pressed = s_enc_sw_pressed_flag;
 504              		.loc 1 121 5 view .LVU114
 505              		.loc 1 121 13 is_stmt 0 view .LVU115
 506 0002 034B     		ldr	r3, .L35
 507 0004 1878     		ldrb	r0, [r3]	@ zero_extendqisi2
 508 0006 C0B2     		uxtb	r0, r0
 509              	.LVL16:
 122:Core/Src/input.c ****     s_enc_sw_pressed_flag = false;
 510              		.loc 1 122 5 is_stmt 1 view .LVU116
 511              		.loc 1 122 27 is_stmt 0 view .LVU117
 512 0008 0022     		movs	r2, #0
 513 000a 1A70     		strb	r2, [r3]
 123:Core/Src/input.c ****     __enable_irq();
 514              		.loc 1 123 5 is_stmt 1 view .LVU118
 515              	.LBB17:
 516              	.LBI17:
 949:Drivers/CMSIS/Include/cmsis_gcc.h **** {
 517              		.loc 2 949 27 view .LVU119
 518              	.LBB18:
 951:Drivers/CMSIS/Include/cmsis_gcc.h **** }
 519              		.loc 2 951 3 view .LVU120
 520              		.syntax unified
 521              	@ 951 "Drivers/CMSIS/Include/cmsis_gcc.h" 1
 522 000c 62B6     		cpsie i
 523              	@ 0 "" 2
 524              		.thumb
 525              		.syntax unified
 526              	.LBE18:
 527              	.LBE17:
 124:Core/Src/input.c ****     return pressed;
 528              		.loc 1 124 5 view .LVU121
 125:Core/Src/input.c **** }
 529              		.loc 1 125 1 is_stmt 0 view .LVU122
 530 000e 7047     		bx	lr
 531              	.L36:
 532              		.align	2
 533              	.L35:
 534 0010 00000000 		.word	s_enc_sw_pressed_flag
 535              		.cfi_endproc
 536              	.LFE227:
 538              		.section	.text.input_enc_sw_held,"ax",%progbits
 539              		.align	1
 540              		.global	input_enc_sw_held
 541              		.syntax unified
 542              		.thumb
 543              		.thumb_func
ARM GAS  /tmp/cczpAYQF.s 			page 30


 545              	input_enc_sw_held:
 546              	.LFB228:
 126:Core/Src/input.c **** 
 127:Core/Src/input.c **** bool input_enc_sw_held(void)
 128:Core/Src/input.c **** {
 547              		.loc 1 128 1 is_stmt 1 view -0
 548              		.cfi_startproc
 549              		@ args = 0, pretend = 0, frame = 0
 550              		@ frame_needed = 0, uses_anonymous_args = 0
 551              		@ link register save eliminated.
 129:Core/Src/input.c ****     return s_enc_sw.state;
 552              		.loc 1 129 5 view .LVU124
 130:Core/Src/input.c **** }
 553              		.loc 1 130 1 is_stmt 0 view .LVU125
 554 0000 014B     		ldr	r3, .L38
 555 0002 5878     		ldrb	r0, [r3, #1]	@ zero_extendqisi2
 556 0004 7047     		bx	lr
 557              	.L39:
 558 0006 00BF     		.align	2
 559              	.L38:
 560 0008 00000000 		.word	s_enc_sw
 561              		.cfi_endproc
 562              	.LFE228:
 564              		.section	.text.input_enc_sw_released,"ax",%progbits
 565              		.align	1
 566              		.global	input_enc_sw_released
 567              		.syntax unified
 568              		.thumb
 569              		.thumb_func
 571              	input_enc_sw_released:
 572              	.LFB229:
 131:Core/Src/input.c **** 
 132:Core/Src/input.c **** bool input_enc_sw_released(void)
 133:Core/Src/input.c **** {
 573              		.loc 1 133 1 is_stmt 1 view -0
 574              		.cfi_startproc
 575              		@ args = 0, pretend = 0, frame = 0
 576              		@ frame_needed = 0, uses_anonymous_args = 0
 577              		@ link register save eliminated.
 134:Core/Src/input.c ****     bool released;
 578              		.loc 1 134 5 view .LVU127
 135:Core/Src/input.c ****     __disable_irq();
 579              		.loc 1 135 5 view .LVU128
 580              	.LBB19:
 581              	.LBI19:
 960:Drivers/CMSIS/Include/cmsis_gcc.h **** {
 582              		.loc 2 960 27 view .LVU129
 583              	.LBB20:
 584              		.loc 2 962 3 view .LVU130
 585              		.syntax unified
 586              	@ 962 "Drivers/CMSIS/Include/cmsis_gcc.h" 1
 587 0000 72B6     		cpsid i
 588              	@ 0 "" 2
 589              		.thumb
 590              		.syntax unified
 591              	.LBE20:
 592              	.LBE19:
ARM GAS  /tmp/cczpAYQF.s 			page 31


 136:Core/Src/input.c ****     released = s_enc_sw_released_flag;
 593              		.loc 1 136 5 view .LVU131
 594              		.loc 1 136 14 is_stmt 0 view .LVU132
 595 0002 034B     		ldr	r3, .L41
 596 0004 1878     		ldrb	r0, [r3]	@ zero_extendqisi2
 597 0006 C0B2     		uxtb	r0, r0
 598              	.LVL17:
 137:Core/Src/input.c ****     s_enc_sw_released_flag = false;
 599              		.loc 1 137 5 is_stmt 1 view .LVU133
 600              		.loc 1 137 28 is_stmt 0 view .LVU134
 601 0008 0022     		movs	r2, #0
 602 000a 1A70     		strb	r2, [r3]
 138:Core/Src/input.c ****     __enable_irq();
 603              		.loc 1 138 5 is_stmt 1 view .LVU135
 604              	.LBB21:
 605              	.LBI21:
 949:Drivers/CMSIS/Include/cmsis_gcc.h **** {
 606              		.loc 2 949 27 view .LVU136
 607              	.LBB22:
 951:Drivers/CMSIS/Include/cmsis_gcc.h **** }
 608              		.loc 2 951 3 view .LVU137
 609              		.syntax unified
 610              	@ 951 "Drivers/CMSIS/Include/cmsis_gcc.h" 1
 611 000c 62B6     		cpsie i
 612              	@ 0 "" 2
 613              		.thumb
 614              		.syntax unified
 615              	.LBE22:
 616              	.LBE21:
 139:Core/Src/input.c ****     return released;
 617              		.loc 1 139 5 view .LVU138
 140:Core/Src/input.c **** }
 618              		.loc 1 140 1 is_stmt 0 view .LVU139
 619 000e 7047     		bx	lr
 620              	.L42:
 621              		.align	2
 622              	.L41:
 623 0010 00000000 		.word	s_enc_sw_released_flag
 624              		.cfi_endproc
 625              	.LFE229:
 627              		.section	.text.input_enc_get_delta,"ax",%progbits
 628              		.align	1
 629              		.global	input_enc_get_delta
 630              		.syntax unified
 631              		.thumb
 632              		.thumb_func
 634              	input_enc_get_delta:
 635              	.LFB230:
 141:Core/Src/input.c **** 
 142:Core/Src/input.c **** int8_t input_enc_get_delta(void)
 143:Core/Src/input.c **** {
 636              		.loc 1 143 1 is_stmt 1 view -0
 637              		.cfi_startproc
 638              		@ args = 0, pretend = 0, frame = 0
 639              		@ frame_needed = 0, uses_anonymous_args = 0
 640              		@ link register save eliminated.
 144:Core/Src/input.c ****     int8_t delta;
ARM GAS  /tmp/cczpAYQF.s 			page 32


 641              		.loc 1 144 5 view .LVU141
 145:Core/Src/input.c ****     __disable_irq();
 642              		.loc 1 145 5 view .LVU142
 643              	.LBB23:
 644              	.LBI23:
 960:Drivers/CMSIS/Include/cmsis_gcc.h **** {
 645              		.loc 2 960 27 view .LVU143
 646              	.LBB24:
 647              		.loc 2 962 3 view .LVU144
 648              		.syntax unified
 649              	@ 962 "Drivers/CMSIS/Include/cmsis_gcc.h" 1
 650 0000 72B6     		cpsid i
 651              	@ 0 "" 2
 652              		.thumb
 653              		.syntax unified
 654              	.LBE24:
 655              	.LBE23:
 146:Core/Src/input.c ****     delta = s_enc_delta;
 656              		.loc 1 146 5 view .LVU145
 657              		.loc 1 146 11 is_stmt 0 view .LVU146
 658 0002 034B     		ldr	r3, .L44
 659 0004 1878     		ldrb	r0, [r3]	@ zero_extendqisi2
 660 0006 40B2     		sxtb	r0, r0
 661              	.LVL18:
 147:Core/Src/input.c ****     s_enc_delta = 0;
 662              		.loc 1 147 5 is_stmt 1 view .LVU147
 663              		.loc 1 147 17 is_stmt 0 view .LVU148
 664 0008 0022     		movs	r2, #0
 665 000a 1A70     		strb	r2, [r3]
 148:Core/Src/input.c ****     __enable_irq();
 666              		.loc 1 148 5 is_stmt 1 view .LVU149
 667              	.LBB25:
 668              	.LBI25:
 949:Drivers/CMSIS/Include/cmsis_gcc.h **** {
 669              		.loc 2 949 27 view .LVU150
 670              	.LBB26:
 951:Drivers/CMSIS/Include/cmsis_gcc.h **** }
 671              		.loc 2 951 3 view .LVU151
 672              		.syntax unified
 673              	@ 951 "Drivers/CMSIS/Include/cmsis_gcc.h" 1
 674 000c 62B6     		cpsie i
 675              	@ 0 "" 2
 676              		.thumb
 677              		.syntax unified
 678              	.LBE26:
 679              	.LBE25:
 149:Core/Src/input.c ****     return delta;
 680              		.loc 1 149 5 view .LVU152
 150:Core/Src/input.c **** }
 681              		.loc 1 150 1 is_stmt 0 view .LVU153
 682 000e 7047     		bx	lr
 683              	.L45:
 684              		.align	2
 685              	.L44:
 686 0010 00000000 		.word	s_enc_delta
 687              		.cfi_endproc
 688              	.LFE230:
ARM GAS  /tmp/cczpAYQF.s 			page 33


 690              		.section	.text.input_stop_pressed,"ax",%progbits
 691              		.align	1
 692              		.global	input_stop_pressed
 693              		.syntax unified
 694              		.thumb
 695              		.thumb_func
 697              	input_stop_pressed:
 698              	.LFB231:
 151:Core/Src/input.c **** 
 152:Core/Src/input.c **** bool input_stop_pressed(void)
 153:Core/Src/input.c **** {
 699              		.loc 1 153 1 is_stmt 1 view -0
 700              		.cfi_startproc
 701              		@ args = 0, pretend = 0, frame = 0
 702              		@ frame_needed = 0, uses_anonymous_args = 0
 703              		@ link register save eliminated.
 154:Core/Src/input.c ****     return s_stop_flag;
 704              		.loc 1 154 5 view .LVU155
 705              		.loc 1 154 12 is_stmt 0 view .LVU156
 706 0000 014B     		ldr	r3, .L47
 707 0002 1878     		ldrb	r0, [r3]	@ zero_extendqisi2
 155:Core/Src/input.c **** }
 708              		.loc 1 155 1 view .LVU157
 709 0004 7047     		bx	lr
 710              	.L48:
 711 0006 00BF     		.align	2
 712              	.L47:
 713 0008 00000000 		.word	s_stop_flag
 714              		.cfi_endproc
 715              	.LFE231:
 717              		.section	.text.input_stop_clear,"ax",%progbits
 718              		.align	1
 719              		.global	input_stop_clear
 720              		.syntax unified
 721              		.thumb
 722              		.thumb_func
 724              	input_stop_clear:
 725              	.LFB232:
 156:Core/Src/input.c **** 
 157:Core/Src/input.c **** void input_stop_clear(void)
 158:Core/Src/input.c **** {
 726              		.loc 1 158 1 is_stmt 1 view -0
 727              		.cfi_startproc
 728              		@ args = 0, pretend = 0, frame = 0
 729              		@ frame_needed = 0, uses_anonymous_args = 0
 730              		@ link register save eliminated.
 159:Core/Src/input.c ****     s_stop_flag = false;
 731              		.loc 1 159 5 view .LVU159
 732              		.loc 1 159 17 is_stmt 0 view .LVU160
 733 0000 014B     		ldr	r3, .L50
 734 0002 0022     		movs	r2, #0
 735 0004 1A70     		strb	r2, [r3]
 160:Core/Src/input.c **** }
 736              		.loc 1 160 1 view .LVU161
 737 0006 7047     		bx	lr
 738              	.L51:
 739              		.align	2
ARM GAS  /tmp/cczpAYQF.s 			page 34


 740              	.L50:
 741 0008 00000000 		.word	s_stop_flag
 742              		.cfi_endproc
 743              	.LFE232:
 745              		.section	.text.input_stop_set,"ax",%progbits
 746              		.align	1
 747              		.global	input_stop_set
 748              		.syntax unified
 749              		.thumb
 750              		.thumb_func
 752              	input_stop_set:
 753              	.LFB233:
 161:Core/Src/input.c **** 
 162:Core/Src/input.c **** // Встановити прапор СТОП (може викликатися з ISR через mo
 163:Core/Src/input.c **** void input_stop_set(void)
 164:Core/Src/input.c **** {
 754              		.loc 1 164 1 is_stmt 1 view -0
 755              		.cfi_startproc
 756              		@ args = 0, pretend = 0, frame = 0
 757              		@ frame_needed = 0, uses_anonymous_args = 0
 758              		@ link register save eliminated.
 165:Core/Src/input.c ****     s_stop_flag = true;
 759              		.loc 1 165 5 view .LVU163
 760              		.loc 1 165 17 is_stmt 0 view .LVU164
 761 0000 014B     		ldr	r3, .L53
 762 0002 0122     		movs	r2, #1
 763 0004 1A70     		strb	r2, [r3]
 166:Core/Src/input.c **** }
 764              		.loc 1 166 1 view .LVU165
 765 0006 7047     		bx	lr
 766              	.L54:
 767              		.align	2
 768              	.L53:
 769 0008 00000000 		.word	s_stop_flag
 770              		.cfi_endproc
 771              	.LFE233:
 773              		.section	.data.clk_prev.0,"aw"
 776              	clk_prev.0:
 777 0000 01       		.byte	1
 778              		.section	.bss.deb_ctr.1,"aw",%nobits
 779              		.align	1
 782              	deb_ctr.1:
 783 0000 0000     		.space	2
 784              		.section	.bss.s_enc_sw_released_flag,"aw",%nobits
 787              	s_enc_sw_released_flag:
 788 0000 00       		.space	1
 789              		.section	.bss.s_enc_sw_pressed_flag,"aw",%nobits
 792              	s_enc_sw_pressed_flag:
 793 0000 00       		.space	1
 794              		.section	.bss.s_stop_flag,"aw",%nobits
 797              	s_stop_flag:
 798 0000 00       		.space	1
 799              		.section	.bss.s_enc_delta,"aw",%nobits
 802              	s_enc_delta:
 803 0000 00       		.space	1
 804              		.section	.bss.s_debounce_subtick,"aw",%nobits
 807              	s_debounce_subtick:
ARM GAS  /tmp/cczpAYQF.s 			page 35


 808 0000 00       		.space	1
 809              		.section	.bss.s_enc_sw,"aw",%nobits
 810              		.align	2
 813              	s_enc_sw:
 814 0000 0000     		.space	2
 815              		.section	.bss.s_joy_down,"aw",%nobits
 816              		.align	2
 819              	s_joy_down:
 820 0000 0000     		.space	2
 821              		.section	.bss.s_joy_up,"aw",%nobits
 822              		.align	2
 825              	s_joy_up:
 826 0000 0000     		.space	2
 827              		.text
 828              	.Letext0:
 829              		.file 3 "/home/alpri/st/stm32cubeclt_1.21.0/GNU-tools-for-STM32/arm-none-eabi/include/machine/_def
 830              		.file 4 "/home/alpri/st/stm32cubeclt_1.21.0/GNU-tools-for-STM32/arm-none-eabi/include/sys/_stdint.
 831              		.file 5 "Drivers/CMSIS/Device/ST/STM32F4xx/Include/stm32f411xe.h"
 832              		.file 6 "Drivers/STM32F4xx_HAL_Driver/Inc/stm32f4xx_hal_gpio.h"
ARM GAS  /tmp/cczpAYQF.s 			page 36


DEFINED SYMBOLS
                            *ABS*:00000000 input.c
     /tmp/cczpAYQF.s:21     .text.debounce_tick:00000000 $t
     /tmp/cczpAYQF.s:26     .text.debounce_tick:00000000 debounce_tick
     /tmp/cczpAYQF.s:70     .text.input_init:00000000 $t
     /tmp/cczpAYQF.s:76     .text.input_init:00000000 input_init
     /tmp/cczpAYQF.s:121    .text.input_init:00000024 $d
     /tmp/cczpAYQF.s:825    .bss.s_joy_up:00000000 s_joy_up
     /tmp/cczpAYQF.s:819    .bss.s_joy_down:00000000 s_joy_down
     /tmp/cczpAYQF.s:813    .bss.s_enc_sw:00000000 s_enc_sw
     /tmp/cczpAYQF.s:802    .bss.s_enc_delta:00000000 s_enc_delta
     /tmp/cczpAYQF.s:797    .bss.s_stop_flag:00000000 s_stop_flag
     /tmp/cczpAYQF.s:792    .bss.s_enc_sw_pressed_flag:00000000 s_enc_sw_pressed_flag
     /tmp/cczpAYQF.s:787    .bss.s_enc_sw_released_flag:00000000 s_enc_sw_released_flag
     /tmp/cczpAYQF.s:807    .bss.s_debounce_subtick:00000000 s_debounce_subtick
     /tmp/cczpAYQF.s:133    .text.input_debounce_tick:00000000 $t
     /tmp/cczpAYQF.s:139    .text.input_debounce_tick:00000000 input_debounce_tick
     /tmp/cczpAYQF.s:332    .text.input_debounce_tick:000000e0 $d
     /tmp/cczpAYQF.s:782    .bss.deb_ctr.1:00000000 deb_ctr.1
     /tmp/cczpAYQF.s:776    .data.clk_prev.0:00000000 clk_prev.0
     /tmp/cczpAYQF.s:347    .text.input_enc_isr:00000000 $t
     /tmp/cczpAYQF.s:353    .text.input_enc_isr:00000000 input_enc_isr
     /tmp/cczpAYQF.s:397    .text.input_enc_isr:0000002c $d
     /tmp/cczpAYQF.s:403    .text.input_update:00000000 $t
     /tmp/cczpAYQF.s:409    .text.input_update:00000000 input_update
     /tmp/cczpAYQF.s:423    .text.input_joy_up:00000000 $t
     /tmp/cczpAYQF.s:429    .text.input_joy_up:00000000 input_joy_up
     /tmp/cczpAYQF.s:444    .text.input_joy_up:00000008 $d
     /tmp/cczpAYQF.s:449    .text.input_joy_down:00000000 $t
     /tmp/cczpAYQF.s:455    .text.input_joy_down:00000000 input_joy_down
     /tmp/cczpAYQF.s:470    .text.input_joy_down:00000008 $d
     /tmp/cczpAYQF.s:475    .text.input_enc_sw_pressed:00000000 $t
     /tmp/cczpAYQF.s:481    .text.input_enc_sw_pressed:00000000 input_enc_sw_pressed
     /tmp/cczpAYQF.s:534    .text.input_enc_sw_pressed:00000010 $d
     /tmp/cczpAYQF.s:539    .text.input_enc_sw_held:00000000 $t
     /tmp/cczpAYQF.s:545    .text.input_enc_sw_held:00000000 input_enc_sw_held
     /tmp/cczpAYQF.s:560    .text.input_enc_sw_held:00000008 $d
     /tmp/cczpAYQF.s:565    .text.input_enc_sw_released:00000000 $t
     /tmp/cczpAYQF.s:571    .text.input_enc_sw_released:00000000 input_enc_sw_released
     /tmp/cczpAYQF.s:623    .text.input_enc_sw_released:00000010 $d
     /tmp/cczpAYQF.s:628    .text.input_enc_get_delta:00000000 $t
     /tmp/cczpAYQF.s:634    .text.input_enc_get_delta:00000000 input_enc_get_delta
     /tmp/cczpAYQF.s:686    .text.input_enc_get_delta:00000010 $d
     /tmp/cczpAYQF.s:691    .text.input_stop_pressed:00000000 $t
     /tmp/cczpAYQF.s:697    .text.input_stop_pressed:00000000 input_stop_pressed
     /tmp/cczpAYQF.s:713    .text.input_stop_pressed:00000008 $d
     /tmp/cczpAYQF.s:718    .text.input_stop_clear:00000000 $t
     /tmp/cczpAYQF.s:724    .text.input_stop_clear:00000000 input_stop_clear
     /tmp/cczpAYQF.s:741    .text.input_stop_clear:00000008 $d
     /tmp/cczpAYQF.s:746    .text.input_stop_set:00000000 $t
     /tmp/cczpAYQF.s:752    .text.input_stop_set:00000000 input_stop_set
     /tmp/cczpAYQF.s:769    .text.input_stop_set:00000008 $d
     /tmp/cczpAYQF.s:779    .bss.deb_ctr.1:00000000 $d
     /tmp/cczpAYQF.s:788    .bss.s_enc_sw_released_flag:00000000 $d
     /tmp/cczpAYQF.s:793    .bss.s_enc_sw_pressed_flag:00000000 $d
     /tmp/cczpAYQF.s:798    .bss.s_stop_flag:00000000 $d
     /tmp/cczpAYQF.s:803    .bss.s_enc_delta:00000000 $d
ARM GAS  /tmp/cczpAYQF.s 			page 37


     /tmp/cczpAYQF.s:808    .bss.s_debounce_subtick:00000000 $d
     /tmp/cczpAYQF.s:810    .bss.s_enc_sw:00000000 $d
     /tmp/cczpAYQF.s:816    .bss.s_joy_down:00000000 $d
     /tmp/cczpAYQF.s:822    .bss.s_joy_up:00000000 $d

UNDEFINED SYMBOLS
HAL_GPIO_ReadPin
